1762239258365,728,512.3999977111816
1762239258471,726,510.39999771118164
1762239258476,724,508.39999771118164
1762239258485,722,506.39999771118164
1762239258491,721,505.39999771118164
1762239258499,717,501.39999771118164
1762239258506,715,500.39999771118164
1762239258518,714,498.39999771118164
1762239258525,711,497.39999771118164
1762239258532,708,493.39999771118164
1762239258539,706,492.39999771118164
1762239258546,704,490.39999771118164
1762239258553,702,489.39999771118164
1762239258560,701,488.39999771118164
1762239258567,699,486.39999771118164
1762239258574,698,485.39999771118164
1762239258581,696,484.39999771118164
1762239258588,696,483.39999771118164
1762239258595,694,482.39999771118164
1762239258602,692,481.39999771118164
1762239258608,691,481.39999771118164
1762239258615,690,480.39999771118164
1762239258622,690,479.39999771118164
1762239258630,689,478.39999771118164
1762239258664,689,477.39999771118164
1762239258886,675,469.39999771118164
1762239258893,656,456.39999771118164
1762239258900,633,445.39999771118164
1762239258907,606,430.39999771118164
1762239258915,573,417.39999771118164
1762239258921,542,406.39999771118164
1762239258928,512,394.39999771118164
1762239258935,487,386.39999771118164
1762239258942,458,378.39999771118164
1762239258949,434,373.39999771118164
1762239258956,413,371.39999771118164
1762239258964,398,369.39999771118164
1762239258969,387,369.39999771118164
1762239258976,378,369.39999771118164
1762239258984,373,369.39999771118164
1762239258993,367,369.39999771118164
1762239258997,365,369.39999771118164
1762239259005,363,369.39999771118164
1762239259289,354,364.39999771118164
1762239259296,339,357.39999771118164
1762239259303,319,349.39999771118164
1762239259312,300,342.39999771118164
1762239259317,280,335.39999771118164
1762239259326,268,329.39999771118164
1762239259330,255,325.39999771118164
1762239259340,245,321.39999771118164
1762239259348,234,315.39999771118164
1762239259354,222,309.39999771118164
1762239259363,211,306.39999771118164
1762239259368,200,302.39999771118164
1762239259376,192,297.39999771118164
1762239259383,185,293.39999771118164
1762239259390,178,291.39999771118164
1762239259397,175,288.39999771118164
1762239259403,174,286.39999771118164
1762239259411,171,285.39999771118164
1762239259428,170,284.39999771118164
1762239259988,166,277.39999771118164
1762239259998,158,265.39999771118164
1762239260005,144,244.39999771118164
1762239260014,138,237.39999771118164
1762239260023,130,228.39999771118164
1762239260027,124,223.39999771118164
1762239260035,118,217.39999771118164
1762239260042,114,214.39999771118164
1762239260049,110,211.39999771118164
1762239260057,106,208.39999771118164
1762239260064,103,206.39999771118164
1762239260072,99,205.39999771118164
1762239260079,97,203.39999771118164
1762239260094,94,199.39999771118164
1762239260102,91,197.39999771118164
1762239260108,89,196.39999771118164
1762239260117,88,194.39999771118164
1762239260123,86,192.39999771118164
1762239260132,85,189.39999771118164
1762239260143,84,187.39999771118164
1762239260150,82,186.39999771118164
1762239260157,82,184.39999771118164
1762239260164,82,183.39999771118164
1762239260173,82,182.39999771118164
1762239260656,83,183.39999771118164
1762239260664,86,185.39999771118164
1762239260670,88,185.39999771118164
1762239260678,90,187.39999771118164
1762239260685,92,188.39999771118164
1762239260692,93,188.39999771118164
1762239260699,94,189.39999771118164
1762239260713,94,189.39999771118164
1762239260878,94,189.39999771118164
1762239260887,93,187.39999771118164
1762239260893,91,185.39999771118164
1762239260900,90,185.39999771118164
1762239260907,88,183.39999771118164
1762239260913,86,181.39999771118164
1762239260921,85,179.39999771118164
1762239260927,83,177.39999771118164
1762239260934,82,176.39999771118164
1762239260941,81,176.39999771118164
1762239260948,80,174.39999771118164
1762239261036,82,175.39999771118164
1762239261045,84,177.39999771118164
1762239261053,87,178.39999771118164
1762239261059,93,181.39999771118164
1762239261066,98,184.39999771118164
1762239261073,102,185.39999771118164
1762239261080,106,189.39999771118164
1762239261087,109,190.39999771118164
1762239261094,112,193.39999771118164
1762239261101,114,193.39999771118164
1762239261108,115,194.39999771118164
1762239261115,115,195.39999771118164
1762239261189,115,193.39999771118164
1762239261199,114,190.39999771118164
1762239261206,113,185.39999771118164
1762239261212,109,180.39999771118164
1762239261219,106,173.39999771118164
1762239261226,102,166.39999771118164
1762239261233,98,161.39999771118164
1762239261240,96,157.39999771118164
1762239261247,94,155.39999771118164
1762239261254,94,153.39999771118164
1762239261261,93,151.39999771118164
1762239261268,92,151.39999771118164
1762239261275,92,150.39999771118164
1762239261340,93,152.39999771118164
1762239261345,94,154.39999771118164
1762239261353,97,157.39999771118164
1762239261362,102,162.39999771118164
1762239261368,106,167.39999771118164
1762239261376,110,171.39999771118164
1762239261387,114,176.39999771118164
1762239261393,116,177.39999771118164
1762239261400,118,180.39999771118164
1762239261407,118,181.39999771118164
1762239261413,121,182.39999771118164
1762239261421,121,183.39999771118164
1762239261427,122,183.39999771118164
1762239261508,121,183.39999771118164
1762239261518,120,181.39999771118164
1762239261525,118,180.39999771118164
1762239261532,117,177.39999771118164
1762239261539,116,176.39999771118164
1762239261545,115,175.39999771118164
1762239261554,115,174.39999771118164
1762239261559,115,173.39999771118164
1762239261567,114,173.39999771118164
1762239261636,115,175.39999771118164
1762239261643,117,176.39999771118164
1762239261651,119,178.39999771118164
1762239261658,122,181.39999771118164
1762239261666,125,182.39999771118164
1762239261673,127,185.39999771118164
1762239261680,130,186.39999771118164
1762239261687,130,187.39999771118164
1762239261755,130,186.39999771118164
1762239261760,129,184.39999771118164
1762239261768,126,180.39999771118164
1762239261775,123,174.39999771118164
1762239261781,121,167.39999771118164
1762239261788,118,162.39999771118164
1762239261796,115,157.39999771118164
1762239261804,114,154.39999771118164
1762239261811,113,152.39999771118164
1762239261818,112,150.39999771118164
1762239261884,112,152.39999771118164
1762239261893,114,154.39999771118164
1762239261900,116,157.39999771118164
1762239261907,120,163.39999771118164
1762239261913,123,167.39999771118164
1762239261921,126,170.39999771118164
1762239261927,130,175.39999771118164
1762239261935,133,177.39999771118164
1762239261941,134,178.39999771118164
1762239261949,134,178.39999771118164
1762239261956,135,179.39999771118164
1762239262023,134,179.39999771118164
1762239262026,134,177.39999771118164
1762239262039,132,175.39999771118164
1762239262046,130,172.39999771118164
1762239262053,128,169.39999771118164
1762239262059,127,167.39999771118164
1762239262066,126,165.39999771118164
1762239262073,126,165.39999771118164
1762239262080,125,163.39999771118164
1762239262148,125,164.39999771118164
1762239262150,126,165.39999771118164
1762239262163,128,168.39999771118164
1762239262170,131,171.39999771118164
1762239262178,134,174.39999771118164
1762239262184,136,176.39999771118164
1762239262191,138,177.39999771118164
1762239262199,139,179.39999771118164
1762239262205,140,179.39999771118164
1762239262275,139,179.39999771118164
1762239262281,137,177.39999771118164
1762239262288,135,172.39999771118164
1762239262295,134,169.39999771118164
1762239262303,132,165.39999771118164
1762239262312,130,164.39999771118164
1762239262317,129,161.39999771118164
1762239262325,129,161.39999771118164
1762239262344,128,160.39999771118164
1762239262391,130,161.39999771118164
1762239262400,133,164.39999771118164
1762239262406,136,166.39999771118164
1762239262414,142,171.39999771118164
1762239262421,147,177.39999771118164
1762239262427,154,181.39999771118164
1762239262434,159,185.39999771118164
1762239262441,164,187.39999771118164
1762239262448,166,189.39999771118164
1762239262455,167,189.39999771118164
1762239262463,168,190.39999771118164
1762239262470,169,190.39999771118164
1762239262514,169,189.39999771118164
1762239262521,167,188.39999771118164
1762239262527,166,185.39999771118164
1762239262534,166,183.39999771118164
1762239262542,165,181.39999771118164
1762239262548,164,181.39999771118164
1762239262556,164,180.39999771118164
1762239262564,162,178.39999771118164
1762239262652,163,178.39999771118164
1762239262753,163,177.39999771118164
1762239262760,162,177.39999771118164
1762239262782,162,176.39999771118164
1762239262788,161,175.39999771118164
1762239262796,159,173.39999771118164
1762239262803,158,170.39999771118164
1762239262809,155,168.39999771118164
1762239262817,152,165.39999771118164
1762239262824,150,164.39999771118164
1762239262833,148,163.39999771118164
1762239262838,148,162.39999771118164
1762239262846,147,161.39999771118164
1762239262852,146,161.39999771118164
1762239262861,146,161.39999771118164
1762239262880,145,161.39999771118164
1762239262885,143,161.39999771118164
1762239262898,142,161.39999771118164
1762239262906,141,160.39999771118164
1762239262928,140,160.39999771118164
1762239262949,138,160.39999771118164
1762239263094,139,160.39999771118164
1762239263101,139,161.39999771118164
1762239263108,140,162.39999771118164
1762239263128,140,163.39999771118164
1762239263135,141,164.39999771118164
1762239263181,141,165.39999771118164
1762239263205,141,165.39999771118164
1762239263446,138,159.39999771118164
1762239263448,135,148.39999771118164
1762239263460,132,137.39999771118164
1762239263469,127,123.39999771118164
1762239263476,124,111.39999771118164
1762239263484,119,93.39999771118164
1762239263492,116,86.39999771118164
1762239263499,113,79.39999771118164
1762239263507,111,74.39999771118164
1762239263513,108,71.39999771118164
1762239263519,106,66.39999771118164
1762239263528,104,63.39999771118164
1762239263536,102,60.39999771118164
1762239263543,102,57.39999771118164
1762239263549,101,55.39999771118164
1762239263556,100,54.39999771118164
1762239264108,101,56.39999771118164
1762239264115,103,58.39999771118164
1762239264121,105,61.39999771118164
1762239264135,106,63.39999771118164
1762239264143,106,64.39999771118164
1762239264150,106,64.39999771118164
1762239264205,106,61.39999771118164
1762239264212,105,58.39999771118164
1762239264220,102,54.39999771118164
1762239264226,98,47.39999771118164
1762239264233,94,39.39999771118164
1762239264240,90,32.39999771118164
1762239264246,84,24.39999771118164
1762239264254,82,19.39999771118164
1762239264260,78,14.39999771118164
1762239264267,77,12.39999771118164
1762239264274,75,11.39999771118164
1762239264326,75,10.39999771118164
1762239264340,77,11.39999771118164
1762239264351,79,14.39999771118164
1762239264358,83,21.39999771118164
1762239264365,90,27.39999771118164
1762239264372,96,36.39999771118164
1762239264379,102,43.39999771118164
1762239264386,105,48.39999771118164
1762239264392,108,53.39999771118164
1762239264399,110,56.39999771118164
1762239264406,112,58.39999771118164
1762239264413,113,59.39999771118164
1762239264420,114,61.39999771118164
1762239264494,114,60.39999771118164
1762239264499,114,58.39999771118164
1762239264510,114,57.39999771118164
1762239264517,114,56.39999771118164
1762239264525,113,53.39999771118164
1762239264531,112,52.39999771118164
1762239264539,110,49.39999771118164
1762239264547,109,47.39999771118164
1762239264552,107,44.39999771118164
1762239264559,106,41.39999771118164
1762239264566,106,40.39999771118164
1762239264573,105,39.39999771118164
1762239264580,104,38.39999771118164
1762239264587,104,37.39999771118164
1762239264631,104,38.39999771118164
1762239264635,105,39.39999771118164
1762239264649,106,40.39999771118164
1762239264656,106,41.39999771118164
1762239264664,108,43.39999771118164
1762239264670,110,45.39999771118164
1762239264677,110,46.39999771118164
1762239264684,110,48.39999771118164
1762239264691,112,49.39999771118164
1762239264698,113,51.39999771118164
1762239264706,114,52.39999771118164
1762239264711,114,53.39999771118164
1762239264719,114,53.39999771118164
1762239264790,114,52.39999771118164
1762239264795,114,51.39999771118164
1762239264803,114,49.39999771118164
1762239264809,113,47.39999771118164
1762239264816,113,44.39999771118164
1762239264823,112,43.39999771118164
1762239264834,111,41.39999771118164
1762239264844,111,41.39999771118164
1762239264898,113,42.39999771118164
1762239264907,116,46.39999771118164
1762239264913,121,51.39999771118164
1762239264920,126,57.39999771118164
1762239264927,131,62.39999771118164
1762239264934,134,65.39999771118164
1762239264948,137,71.39999771118164
1762239264955,138,72.39999771118164
1762239264961,138,73.39999771118164
1762239265000,138,72.39999771118164
1762239265004,137,71.39999771118164
1762239265013,136,69.39999771118164
1762239265020,134,64.39999771118164
1762239265032,130,59.39999771118164
1762239265039,128,56.39999771118164
1762239265046,126,52.39999771118164
1762239265052,123,47.39999771118164
1762239265060,122,44.39999771118164
1762239265066,121,41.39999771118164
1762239265073,118,36.39999771118164
1762239265080,118,34.39999771118164
1762239265126,118,33.39999771118164
1762239265135,118,34.39999771118164
1762239265143,119,36.39999771118164
1762239265149,121,38.39999771118164
1762239265158,122,41.39999771118164
1762239265163,124,42.39999771118164
1762239265171,126,44.39999771118164
1762239265178,127,46.39999771118164
1762239265185,129,47.39999771118164
1762239265194,130,48.39999771118164
1762239265258,130,45.39999771118164
1762239265267,127,44.39999771118164
1762239265274,126,37.39999771118164
1762239265281,122,28.39999771118164
1762239265289,119,20.39999771118164
1762239265295,115,11.39999771118164
1762239265302,112,4.399997711181641
1762239265310,110,1.3999977111816406
1762239265316,110,-2.6000022888183594
1762239265325,109,-2.6000022888183594
1762239265330,109,-3.6000022888183594
1762239265383,109,-2.6000022888183594
1762239265392,110,1.3999977111816406
1762239265399,111,6.399997711181641
1762239265406,114,15.39999771118164
1762239265413,120,25.39999771118164
1762239265420,124,33.39999771118164
1762239265427,130,42.39999771118164
1762239265434,134,49.39999771118164
1762239265441,138,54.39999771118164
1762239265448,142,57.39999771118164
1762239265455,142,59.39999771118164
1762239265463,143,61.39999771118164
1762239265521,143,60.39999771118164
1762239265532,143,59.39999771118164
1762239265539,142,57.39999771118164
1762239265545,140,54.39999771118164
1762239265553,138,52.39999771118164
1762239265559,138,49.39999771118164
1762239265566,137,48.39999771118164
1762239265573,136,46.39999771118164
1762239265580,136,45.39999771118164
1762239265645,137,46.39999771118164
1762239265649,138,47.39999771118164
1762239265656,138,48.39999771118164
1762239265664,141,49.39999771118164
1762239265670,142,51.39999771118164
1762239265679,142,53.39999771118164
1762239265685,143,53.39999771118164
1762239265694,143,53.39999771118164
1762239265745,142,53.39999771118164
1762239265755,139,51.39999771118164
1762239265760,135,46.39999771118164
1762239265767,132,41.39999771118164
1762239265775,127,33.39999771118164
1762239265781,124,29.39999771118164
1762239265788,122,24.39999771118164
1762239265795,121,21.39999771118164
1762239265809,120,20.39999771118164
1762239265816,120,19.39999771118164
1762239265863,120,21.39999771118164
1762239265872,120,26.39999771118164
1762239265879,122,31.39999771118164
1762239265885,124,38.39999771118164
1762239265892,127,44.39999771118164
1762239265899,130,53.39999771118164
1762239265906,132,58.39999771118164
1762239265913,134,64.39999771118164
1762239265920,135,68.39999771118164
1762239265927,136,71.39999771118164
1762239265934,136,73.39999771118164
1762239265941,136,74.39999771118164
1762239265985,133,72.39999771118164
1762239265990,127,67.39999771118164
1762239265998,122,62.39999771118164
1762239266004,114,56.39999771118164
1762239266014,109,50.39999771118164
1762239266024,102,45.39999771118164
1762239266031,98,41.39999771118164
1762239266038,97,41.39999771118164
1762239266046,95,39.39999771118164
1762239266051,94,39.39999771118164
1762239266059,94,38.39999771118164
1762239266100,94,40.39999771118164
1762239266108,95,45.39999771118164
1762239266115,98,53.39999771118164
1762239266122,102,63.39999771118164
1762239266135,104,73.39999771118164
1762239266143,109,85.39999771118164
1762239266150,110,88.39999771118164
1762239266159,110,89.39999771118164
1762239266170,110,90.39999771118164
1762239266210,110,89.39999771118164
1762239266214,110,88.39999771118164
1762239266226,106,85.39999771118164
1762239266233,105,81.39999771118164
1762239266240,102,77.39999771118164
1762239266246,101,77.39999771118164
1762239266253,100,76.39999771118164
1762239266260,100,75.39999771118164
1762239266268,100,74.39999771118164
1762239266320,99,74.39999771118164
1762239266331,99,77.39999771118164
1762239266336,101,80.39999771118164
1762239266346,103,86.39999771118164
1762239266351,105,92.39999771118164
1762239266361,107,98.39999771118164
1762239266372,109,101.39999771118164
1762239266379,110,103.39999771118164
1762239266386,110,104.39999771118164
1762239266392,110,105.39999771118164
1762239266428,110,104.39999771118164
1762239266434,110,101.39999771118164
1762239266441,109,97.39999771118164
1762239266448,108,90.39999771118164
1762239266455,107,85.39999771118164
1762239266461,106,78.39999771118164
1762239266469,106,75.39999771118164
1762239266476,106,71.39999771118164
1762239266482,106,69.39999771118164
1762239266503,106,69.39999771118164
1762239266539,106,68.39999771118164
1762239266549,106,69.39999771118164
1762239266554,109,70.39999771118164
1762239266566,111,75.39999771118164
1762239266572,113,78.39999771118164
1762239266579,115,81.39999771118164
1762239266587,118,85.39999771118164
1762239266594,118,86.39999771118164
1762239266600,119,87.39999771118164
1762239266645,119,85.39999771118164
1762239266650,118,81.39999771118164
1762239266663,117,76.39999771118164
1762239266670,114,68.39999771118164
1762239266677,112,61.39999771118164
1762239266684,108,48.39999771118164
1762239266692,105,42.39999771118164
1762239266699,104,39.39999771118164
1762239266707,103,37.39999771118164
1762239266719,103,36.39999771118164
1762239266725,102,35.39999771118164
1762239266761,103,35.39999771118164
1762239266767,104,37.39999771118164
1762239266774,108,41.39999771118164
1762239266781,110,44.39999771118164
1762239266788,113,49.39999771118164
1762239266796,118,53.39999771118164
1762239266809,119,56.39999771118164
1762239266816,122,59.39999771118164
1762239266823,122,59.39999771118164
1762239266890,121,58.39999771118164
1762239266899,119,55.39999771118164
1762239266906,118,52.39999771118164
1762239266913,115,47.39999771118164
1762239266920,114,44.39999771118164
1762239266927,112,41.39999771118164
1762239266935,111,39.39999771118164
1762239266941,111,38.39999771118164
1762239267008,112,41.39999771118164
1762239267018,114,44.39999771118164
1762239267024,119,49.39999771118164
1762239267031,123,55.39999771118164
1762239267039,127,60.39999771118164
1762239267045,130,62.39999771118164
1762239267052,132,64.39999771118164
1762239267059,133,65.39999771118164
1762239267113,132,63.39999771118164
1762239267122,130,58.39999771118164
1762239267128,127,50.39999771118164
1762239267135,126,42.39999771118164
1762239267149,121,21.39999771118164
1762239267156,119,16.39999771118164
1762239267163,118,10.39999771118164
1762239267171,118,8.39999771118164
1762239267177,118,7.399997711181641
1762239267237,121,10.39999771118164
1762239267246,123,17.39999771118164
1762239267253,130,23.39999771118164
1762239267260,134,29.39999771118164
1762239267267,136,32.39999771118164
1762239267274,140,35.39999771118164
1762239267281,141,36.39999771118164
1762239267361,141,35.39999771118164
1762239267415,141,35.39999771118164
1762239267645,162,44.39999771118164
1762239267651,202,61.39999771118164
1762239267658,246,80.39999771118164
1762239267666,299,104.39999771118164
1762239267673,352,130.39999771118164
1762239267680,407,157.39999771118164
1762239267687,462,182.39999771118164
1762239267692,515,204.39999771118164
1762239267701,559,223.39999771118164
1762239267708,604,243.39999771118164
1762239267716,648,262.39999771118164
1762239267723,685,278.39999771118164
1762239267731,714,294.39999771118164
1762239267738,738,306.39999771118164
1762239267753,777,327.39999771118164
1762239267760,789,337.39999771118164
1762239267767,798,345.39999771118164
1762239267774,804,350.39999771118164
1762239267999,798,347.39999771118164
1762239268007,786,343.39999771118164
1762239268013,775,338.39999771118164
1762239268022,766,335.39999771118164
1762239268027,758,332.39999771118164
1762239268035,750,330.39999771118164
1762239268043,743,328.39999771118164
1762239268049,736,325.39999771118164
1762239268058,730,324.39999771118164
1762239268064,725,322.39999771118164
1762239268071,719,321.39999771118164
1762239268077,716,321.39999771118164
1762239268085,713,320.39999771118164
1762239268101,710,319.39999771118164
1762239268108,708,318.39999771118164
1762239268115,707,317.39999771118164
1762239268122,706,317.39999771118164
1762239268384,705,313.39999771118164
1762239268390,704,307.39999771118164
1762239268398,703,302.39999771118164
1762239268403,703,297.39999771118164
1762239268412,702,294.39999771118164
1762239268418,702,292.39999771118164
1762239268427,702,291.39999771118164
1762239268448,702,290.39999771118164
1762239268472,702,289.39999771118164
1762239268506,703,289.39999771118164
1762239268525,704,289.39999771118164
1762239268596,705,289.39999771118164
1762239268601,706,289.39999771118164
1762239268608,707,289.39999771118164
1762239268615,707,290.39999771118164
1762239268623,709,291.39999771118164
1762239268629,710,292.39999771118164
1762239268637,714,293.39999771118164
1762239268645,715,295.39999771118164
1762239268652,718,298.39999771118164
1762239268658,720,300.39999771118164
1762239268666,722,301.39999771118164
1762239268673,724,303.39999771118164
1762239268680,725,303.39999771118164
1762239268688,725,304.39999771118164
1762239268694,726,305.39999771118164
1762239269754,730,346.39999771118164
1762239269760,732,364.39999771118164
1762239269767,733,387.39999771118164
1762239269774,736,405.39999771118164
1762239269781,738,422.39999771118164
1762239269791,741,436.39999771118164
1762239269795,742,448.39999771118164
1762239269803,742,457.39999771118164
1762239269811,742,465.39999771118164
1762239269816,742,469.39999771118164
1762239269824,742,473.39999771118164
1762239269832,742,477.39999771118164
1762239269839,742,479.39999771118164
1762239269847,742,481.39999771118164
1762239269864,742,482.39999771118164
1762239269872,741,484.39999771118164
1762239269892,741,485.39999771118164
1762239269993,742,481.39999771118164
1762239269997,744,477.39999771118164
1762239270006,746,469.39999771118164
1762239270012,747,457.39999771118164
1762239270019,748,442.39999771118164
1762239270026,750,425.39999771118164
1762239270034,750,411.39999771118164
1762239270042,749,397.39999771118164
1762239270049,748,383.39999771118164
1762239270056,746,373.39999771118164
1762239270062,746,365.39999771118164
1762239270070,746,360.39999771118164
1762239270078,745,358.39999771118164
1762239270085,745,356.39999771118164
1762239270100,744,355.39999771118164
1762239270107,744,354.39999771118164
1762239270165,744,353.39999771118164
1762239270183,743,353.39999771118164
1762239270191,742,353.39999771118164
1762239270202,740,352.39999771118164
1762239270208,739,352.39999771118164
1762239270216,738,351.39999771118164
1762239270222,736,351.39999771118164
1762239270230,735,350.39999771118164
1762239270238,734,350.39999771118164
1762239270244,732,349.39999771118164
1762239270260,731,349.39999771118164
1762239270267,730,348.39999771118164
1762239270288,730,346.39999771118164
1762239270295,728,345.39999771118164
1762239270302,727,344.39999771118164
1762239270308,726,341.39999771118164
1762239270316,725,337.39999771118164
1762239270324,725,335.39999771118164
1762239270329,724,333.39999771118164
1762239270337,723,329.39999771118164
1762239270343,723,327.39999771118164
1762239270350,722,325.39999771118164
1762239270358,722,324.39999771118164
1762239270364,722,322.39999771118164
1762239270371,722,321.39999771118164
1762239270404,722,320.39999771118164
1762239270410,722,318.39999771118164
1762239270418,722,317.39999771118164
1762239270433,721,312.39999771118164
1762239270441,721,311.39999771118164
1762239270449,721,309.39999771118164
1762239270469,721,308.39999771118164
1762239270607,721,307.39999771118164
1762239270616,719,306.39999771118164
1762239270636,718,305.39999771118164
1762239270643,718,302.39999771118164
1762239270651,713,293.39999771118164
1762239270657,711,289.39999771118164
1762239270664,708,285.39999771118164
1762239270676,707,283.39999771118164
1762239270677,706,281.39999771118164
1762239270702,706,280.39999771118164
1762239271055,706,281.39999771118164
1762239271065,706,283.39999771118164
1762239271072,706,285.39999771118164
1762239271079,706,285.39999771118164
1762239271172,706,284.39999771118164
1762239271177,706,280.39999771118164
1762239271190,706,274.39999771118164
1762239271198,706,266.39999771118164
1762239271204,706,261.39999771118164
1762239271211,706,255.39999771118164
1762239271219,705,253.39999771118164
1762239271226,705,250.39999771118164
1762239271233,705,247.39999771118164
1762239271246,705,246.39999771118164
1762239271253,704,246.39999771118164
1762239271311,706,248.39999771118164
1762239271316,707,251.39999771118164
1762239271329,709,256.39999771118164
1762239271337,712,263.39999771118164
1762239271344,715,271.39999771118164
1762239271351,718,277.39999771118164
1762239271358,718,281.39999771118164
1762239271364,721,285.39999771118164
1762239271371,721,287.39999771118164
1762239271381,721,288.39999771118164
1762239271460,721,285.39999771118164
1762239271472,719,281.39999771118164
1762239271478,718,275.39999771118164
1762239271484,717,272.39999771118164
1762239271489,714,268.39999771118164
1762239271503,714,265.39999771118164
1762239271509,714,264.39999771118164
1762239271517,714,263.39999771118164
1762239271578,715,266.39999771118164
1762239271583,717,273.39999771118164
1762239271593,721,281.39999771118164
1762239271599,724,288.39999771118164
1762239271607,728,295.39999771118164
1762239271614,730,298.39999771118164
1762239271621,731,300.39999771118164
1762239271628,732,301.39999771118164
1762239271688,732,300.39999771118164
1762239271692,731,296.39999771118164
1762239271705,730,289.39999771118164
1762239271712,729,282.39999771118164
1762239271718,727,277.39999771118164
1762239271726,726,270.39999771118164
1762239271732,725,269.39999771118164
1762239271739,725,267.39999771118164
1762239271746,725,266.39999771118164
1762239271804,726,267.39999771118164
1762239271809,730,272.39999771118164
1762239271816,737,279.39999771118164
1762239271823,743,288.39999771118164
1762239271830,750,296.39999771118164
1762239271836,757,303.39999771118164
1762239271844,762,308.39999771118164
1762239271851,765,313.39999771118164
1762239271859,766,314.39999771118164
1762239271866,766,314.39999771118164
1762239271916,766,312.39999771118164
1762239271926,765,305.39999771118164
1762239271933,763,298.39999771118164
1762239271941,761,292.39999771118164
1762239271947,758,285.39999771118164
1762239271954,756,281.39999771118164
1762239271961,755,278.39999771118164
1762239271968,754,276.39999771118164
1762239271975,754,275.39999771118164
1762239272047,755,277.39999771118164
1762239272059,758,283.39999771118164
1762239272065,762,289.39999771118164
1762239272072,764,293.39999771118164
1762239272079,766,298.39999771118164
1762239272087,768,301.39999771118164
1762239272092,768,303.39999771118164
1762239272149,767,297.39999771118164
1762239272156,764,288.39999771118164
1762239272162,761,278.39999771118164
1762239272169,757,269.39999771118164
1762239272176,754,259.39999771118164
1762239272184,751,253.39999771118164
1762239272190,750,248.39999771118164
1762239272204,749,245.39999771118164
1762239272211,747,244.39999771118164
1762239272218,747,243.39999771118164
1762239272259,748,243.39999771118164
1762239272268,750,245.39999771118164
1762239272273,751,247.39999771118164
1762239272280,754,253.39999771118164
1762239272287,760,260.39999771118164
1762239272294,763,269.39999771118164
1762239272308,770,282.39999771118164
1762239272315,771,285.39999771118164
1762239272322,772,287.39999771118164
1762239272328,772,288.39999771118164
1762239272336,773,288.39999771118164
1762239272388,773,287.39999771118164
1762239272399,773,286.39999771118164
1762239272405,773,281.39999771118164
1762239272412,773,277.39999771118164
1762239272420,772,272.39999771118164
1762239272426,771,269.39999771118164
1762239272433,771,265.39999771118164
1762239272440,770,263.39999771118164
1762239272447,770,262.39999771118164
1762239272512,771,263.39999771118164
1762239272517,772,265.39999771118164
1762239272524,773,267.39999771118164
1762239272537,774,268.39999771118164
1762239272544,774,269.39999771118164
1762239272551,774,269.39999771118164
1762239272609,774,269.39999771118164
1762239272615,774,266.39999771118164
1762239272621,774,265.39999771118164
1762239272627,774,264.39999771118164
1762239272635,773,262.39999771118164
1762239272642,773,261.39999771118164
1762239272727,774,266.39999771118164
1762239272732,778,274.39999771118164
1762239272740,782,285.39999771118164
1762239272745,786,293.39999771118164
1762239272753,788,298.39999771118164
1762239272760,792,305.39999771118164
1762239272774,794,308.39999771118164
1762239272780,794,309.39999771118164
1762239272787,794,309.39999771118164
1762239272838,794,307.39999771118164
1762239272850,793,300.39999771118164
1762239272857,790,293.39999771118164
1762239272863,788,285.39999771118164
1762239272871,786,277.39999771118164
1762239272877,785,273.39999771118164
1762239272884,784,270.39999771118164
1762239272892,783,269.39999771118164
1762239272899,783,268.39999771118164
1762239272906,783,267.39999771118164
1762239272962,785,269.39999771118164
1762239272968,788,278.39999771118164
1762239272975,794,288.39999771118164
1762239272982,801,297.39999771118164
1762239272996,811,310.39999771118164
1762239273002,814,313.39999771118164
1762239273012,816,315.39999771118164
1762239273017,816,316.39999771118164
1762239273061,816,314.39999771118164
1762239273073,814,312.39999771118164
1762239273079,813,308.39999771118164
1762239273086,812,305.39999771118164
1762239273094,811,304.39999771118164
1762239273102,810,301.39999771118164
1762239273109,810,301.39999771118164
1762239273114,810,300.39999771118164
1762239273194,810,301.39999771118164
1762239273199,810,301.39999771118164
1762239273211,811,301.39999771118164
1762239273217,811,302.39999771118164
1762239273224,811,303.39999771118164
1762239273232,812,303.39999771118164
1762239273288,811,301.39999771118164
1762239273294,810,296.39999771118164
1762239273302,807,289.39999771118164
1762239273308,805,283.39999771118164
1762239273316,802,277.39999771118164
1762239273322,802,274.39999771118164
1762239273336,801,273.39999771118164
1762239273343,801,271.39999771118164
1762239273409,801,272.39999771118164
1762239273420,803,274.39999771118164
1762239273426,809,281.39999771118164
1762239273433,813,288.39999771118164
1762239273440,818,295.39999771118164
1762239273447,821,300.39999771118164
1762239273453,822,303.39999771118164
1762239273461,824,305.39999771118164
1762239273482,825,306.39999771118164
1762239273540,824,303.39999771118164
1762239273546,822,297.39999771118164
1762239273559,820,289.39999771118164
1762239273566,817,281.39999771118164
1762239273573,814,274.39999771118164
1762239273578,812,270.39999771118164
1762239273586,811,267.39999771118164
1762239273592,811,265.39999771118164
1762239273600,811,265.39999771118164
1762239273656,813,266.39999771118164
1762239273663,818,273.39999771118164
1762239273676,823,282.39999771118164
1762239273683,833,297.39999771118164
1762239273690,835,300.39999771118164
1762239273698,837,302.39999771118164
1762239273704,838,304.39999771118164
1762239273758,838,302.39999771118164
1762239273772,836,297.39999771118164
1762239273779,835,291.39999771118164
1762239273785,834,288.39999771118164
1762239273794,833,285.39999771118164
1762239273801,832,281.39999771118164
1762239273808,831,279.39999771118164
1762239273815,830,278.39999771118164
1762239273822,829,277.39999771118164
1762239273828,829,277.39999771118164
1762239273890,830,277.39999771118164
1762239273899,831,278.39999771118164
1762239273906,834,281.39999771118164
1762239273912,837,289.39999771118164
1762239273919,840,293.39999771118164
1762239273926,842,299.39999771118164
1762239273933,844,302.39999771118164
1762239273940,845,304.39999771118164
1762239273947,846,304.39999771118164
1762239273998,846,302.39999771118164
1762239274003,845,297.39999771118164
1762239274016,842,289.39999771118164
1762239274024,838,270.39999771118164
1762239274030,838,265.39999771118164
1762239274039,836,260.39999771118164
1762239274045,836,258.39999771118164
1762239274056,836,257.39999771118164
1762239274061,835,256.39999771118164
1762239274128,836,257.39999771118164
1762239274135,838,259.39999771118164
1762239274141,840,262.39999771118164
1762239274148,842,267.39999771118164
1762239274155,844,271.39999771118164
1762239274163,846,277.39999771118164
1762239274169,848,281.39999771118164
1762239274176,849,284.39999771118164
1762239274190,850,284.39999771118164
1762239274197,850,285.39999771118164
1762239274258,850,283.39999771118164
1762239274267,850,280.39999771118164
1762239274273,849,276.39999771118164
1762239274280,846,269.39999771118164
1762239274287,846,267.39999771118164
1762239274294,846,265.39999771118164
1762239274301,846,263.39999771118164
1762239274409,846,264.39999771118164
1762239274422,846,265.39999771118164
1762239274497,846,265.39999771118164
1762239274729,837,295.39999771118164
1762239274734,823,344.39999771118164
1762239274742,812,389.39999771118164
1762239274749,802,427.39999771118164
1762239274756,796,457.39999771118164
1762239274764,788,486.39999771118164
1762239274771,783,509.39999771118164
1762239274778,778,529.3999977111816
1762239274786,772,544.3999977111816
1762239274794,767,555.3999977111816
1762239274801,762,565.3999977111816
1762239274809,757,572.3999977111816
1762239274815,752,578.3999977111816
1762239274823,746,583.3999977111816
1762239274829,743,586.3999977111816
1762239274836,739,590.3999977111816
1762239274844,736,592.3999977111816
1762239274851,734,594.3999977111816
1762239274859,733,597.3999977111816
1762239274867,732,597.3999977111816
1762239274872,730,600.3999977111816
1762239274880,728,602.3999977111816
1762239274886,726,607.3999977111816
-1,-1,-1
1762239260390,82,182.39999771118164
1762239260656,83,183.39999771118164
1762239260664,86,185.39999771118164
1762239260670,88,185.39999771118164
1762239260678,90,187.39999771118164
1762239260685,92,188.39999771118164
1762239260692,93,188.39999771118164
1762239260699,94,189.39999771118164
1762239260713,94,189.39999771118164
1762239260878,94,189.39999771118164
1762239260887,93,187.39999771118164
1762239260893,91,185.39999771118164
1762239260900,90,185.39999771118164
1762239260907,88,183.39999771118164
1762239260913,86,181.39999771118164
1762239260921,85,179.39999771118164
1762239260927,83,177.39999771118164
1762239260934,82,176.39999771118164
1762239260941,81,176.39999771118164
1762239260948,80,174.39999771118164
1762239261036,82,175.39999771118164
1762239261045,84,177.39999771118164
1762239261053,87,178.39999771118164
1762239261059,93,181.39999771118164
1762239261066,98,184.39999771118164
1762239261073,102,185.39999771118164
1762239261080,106,189.39999771118164
1762239261087,109,190.39999771118164
1762239261094,112,193.39999771118164
1762239261101,114,193.39999771118164
1762239261108,115,194.39999771118164
1762239261115,115,195.39999771118164
1762239261189,115,193.39999771118164
1762239261199,114,190.39999771118164
1762239261206,113,185.39999771118164
1762239261212,109,180.39999771118164
1762239261219,106,173.39999771118164
1762239261226,102,166.39999771118164
1762239261233,98,161.39999771118164
1762239261240,96,157.39999771118164
1762239261247,94,155.39999771118164
1762239261254,94,153.39999771118164
1762239261261,93,151.39999771118164
1762239261268,92,151.39999771118164
1762239261275,92,150.39999771118164
1762239261340,93,152.39999771118164
1762239261345,94,154.39999771118164
1762239261353,97,157.39999771118164
1762239261362,102,162.39999771118164
1762239261368,106,167.39999771118164
1762239261376,110,171.39999771118164
1762239261387,114,176.39999771118164
1762239261393,116,177.39999771118164
1762239261400,118,180.39999771118164
1762239261407,118,181.39999771118164
1762239261413,121,182.39999771118164
1762239261421,121,183.39999771118164
1762239261427,122,183.39999771118164
1762239261508,121,183.39999771118164
1762239261518,120,181.39999771118164
1762239261525,118,180.39999771118164
1762239261532,117,177.39999771118164
1762239261539,116,176.39999771118164
1762239261545,115,175.39999771118164
1762239261554,115,174.39999771118164
1762239261559,115,173.39999771118164
1762239261567,114,173.39999771118164
1762239261636,115,175.39999771118164
1762239261643,117,176.39999771118164
1762239261651,119,178.39999771118164
1762239261658,122,181.39999771118164
1762239261666,125,182.39999771118164
1762239261673,127,185.39999771118164
1762239261680,130,186.39999771118164
1762239261687,130,187.39999771118164
1762239261755,130,186.39999771118164
1762239261760,129,184.39999771118164
1762239261768,126,180.39999771118164
1762239261775,123,174.39999771118164
1762239261781,121,167.39999771118164
1762239261788,118,162.39999771118164
1762239261796,115,157.39999771118164
1762239261804,114,154.39999771118164
1762239261811,113,152.39999771118164
1762239261818,112,150.39999771118164
1762239261884,112,152.39999771118164
1762239261893,114,154.39999771118164
1762239261900,116,157.39999771118164
1762239261907,120,163.39999771118164
1762239261913,123,167.39999771118164
1762239261921,126,170.39999771118164
1762239261927,130,175.39999771118164
1762239261935,133,177.39999771118164
1762239261941,134,178.39999771118164
1762239261949,134,178.39999771118164
1762239261956,135,179.39999771118164
1762239262023,134,179.39999771118164
1762239262026,134,177.39999771118164
1762239262039,132,175.39999771118164
1762239262046,130,172.39999771118164
1762239262053,128,169.39999771118164
1762239262059,127,167.39999771118164
1762239262066,126,165.39999771118164
1762239262073,126,165.39999771118164
1762239262080,125,163.39999771118164
1762239262148,125,164.39999771118164
1762239262150,126,165.39999771118164
1762239262163,128,168.39999771118164
1762239262170,131,171.39999771118164
1762239262178,134,174.39999771118164
1762239262184,136,176.39999771118164
1762239262191,138,177.39999771118164
1762239262199,139,179.39999771118164
1762239262205,140,179.39999771118164
1762239262275,139,179.39999771118164
1762239262281,137,177.39999771118164
1762239262288,135,172.39999771118164
1762239262295,134,169.39999771118164
1762239262303,132,165.39999771118164
1762239262312,130,164.39999771118164
1762239262317,129,161.39999771118164
1762239262325,129,161.39999771118164
1762239262344,128,160.39999771118164
1762239262391,130,161.39999771118164
1762239262400,133,164.39999771118164
1762239262406,136,166.39999771118164
1762239262414,142,171.39999771118164
1762239262421,147,177.39999771118164
1762239262427,154,181.39999771118164
1762239262434,159,185.39999771118164
1762239262441,164,187.39999771118164
1762239262448,166,189.39999771118164
1762239262455,167,189.39999771118164
1762239262463,168,190.39999771118164
1762239262470,169,190.39999771118164
1762239262514,169,189.39999771118164
1762239262521,167,188.39999771118164
1762239262527,166,185.39999771118164
1762239262534,166,183.39999771118164
1762239262542,165,181.39999771118164
1762239262548,164,181.39999771118164
1762239262556,164,180.39999771118164
1762239262564,162,178.39999771118164
1762239262652,163,178.39999771118164
1762239262753,163,177.39999771118164
1762239262760,162,177.39999771118164
1762239262782,162,176.39999771118164
1762239262788,161,175.39999771118164
1762239262796,159,173.39999771118164
1762239262803,158,170.39999771118164
1762239262809,155,168.39999771118164
1762239262817,152,165.39999771118164
1762239262824,150,164.39999771118164
1762239262833,148,163.39999771118164
1762239262838,148,162.39999771118164
1762239262846,147,161.39999771118164
1762239262852,146,161.39999771118164
1762239262861,146,161.39999771118164
1762239262880,145,161.39999771118164
1762239262885,143,161.39999771118164
1762239262898,142,161.39999771118164
1762239262906,141,160.39999771118164
1762239262928,140,160.39999771118164
1762239262949,138,160.39999771118164
1762239263094,139,160.39999771118164
1762239263101,139,161.39999771118164
1762239263108,140,162.39999771118164
1762239263128,140,163.39999771118164
1762239263135,141,164.39999771118164
1762239263181,141,165.39999771118164
1762239263999,100,54.39999771118164
1762239264108,101,56.39999771118164
1762239264115,103,58.39999771118164
1762239264121,105,61.39999771118164
1762239264135,106,63.39999771118164
1762239264143,106,64.39999771118164
1762239264150,106,64.39999771118164
1762239264205,106,61.39999771118164
1762239264212,105,58.39999771118164
1762239264220,102,54.39999771118164
1762239264226,98,47.39999771118164
1762239264233,94,39.39999771118164
1762239264240,90,32.39999771118164
1762239264246,84,24.39999771118164
1762239264254,82,19.39999771118164
1762239264260,78,14.39999771118164
1762239264267,77,12.39999771118164
1762239264274,75,11.39999771118164
1762239264326,75,10.39999771118164
1762239264340,77,11.39999771118164
1762239264351,79,14.39999771118164
1762239264358,83,21.39999771118164
1762239264365,90,27.39999771118164
1762239264372,96,36.39999771118164
1762239264379,102,43.39999771118164
1762239264386,105,48.39999771118164
1762239264392,108,53.39999771118164
1762239264399,110,56.39999771118164
1762239264406,112,58.39999771118164
1762239264413,113,59.39999771118164
1762239264420,114,61.39999771118164
1762239264494,114,60.39999771118164
1762239264499,114,58.39999771118164
1762239264510,114,57.39999771118164
1762239264517,114,56.39999771118164
1762239264525,113,53.39999771118164
1762239264531,112,52.39999771118164
1762239264539,110,49.39999771118164
1762239264547,109,47.39999771118164
1762239264552,107,44.39999771118164
1762239264559,106,41.39999771118164
1762239264566,106,40.39999771118164
1762239264573,105,39.39999771118164
1762239264580,104,38.39999771118164
1762239264587,104,37.39999771118164
1762239264631,104,38.39999771118164
1762239264635,105,39.39999771118164
1762239264649,106,40.39999771118164
1762239264656,106,41.39999771118164
1762239264664,108,43.39999771118164
1762239264670,110,45.39999771118164
1762239264677,110,46.39999771118164
1762239264684,110,48.39999771118164
1762239264691,112,49.39999771118164
1762239264698,113,51.39999771118164
1762239264706,114,52.39999771118164
1762239264711,114,53.39999771118164
1762239264719,114,53.39999771118164
1762239264790,114,52.39999771118164
1762239264795,114,51.39999771118164
1762239264803,114,49.39999771118164
1762239264809,113,47.39999771118164
1762239264816,113,44.39999771118164
1762239264823,112,43.39999771118164
1762239264834,111,41.39999771118164
1762239264844,111,41.39999771118164
1762239264898,113,42.39999771118164
1762239264907,116,46.39999771118164
1762239264913,121,51.39999771118164
1762239264920,126,57.39999771118164
1762239264927,131,62.39999771118164
1762239264934,134,65.39999771118164
1762239264948,137,71.39999771118164
1762239264955,138,72.39999771118164
1762239264961,138,73.39999771118164
1762239265000,138,72.39999771118164
1762239265004,137,71.39999771118164
1762239265013,136,69.39999771118164
1762239265020,134,64.39999771118164
1762239265032,130,59.39999771118164
1762239265039,128,56.39999771118164
1762239265046,126,52.39999771118164
1762239265052,123,47.39999771118164
1762239265060,122,44.39999771118164
1762239265066,121,41.39999771118164
1762239265073,118,36.39999771118164
1762239265080,118,34.39999771118164
1762239265126,118,33.39999771118164
1762239265135,118,34.39999771118164
1762239265143,119,36.39999771118164
1762239265149,121,38.39999771118164
1762239265158,122,41.39999771118164
1762239265163,124,42.39999771118164
1762239265171,126,44.39999771118164
1762239265178,127,46.39999771118164
1762239265185,129,47.39999771118164
1762239265194,130,48.39999771118164
1762239265258,130,45.39999771118164
1762239265267,127,44.39999771118164
1762239265274,126,37.39999771118164
1762239265281,122,28.39999771118164
1762239265289,119,20.39999771118164
1762239265295,115,11.39999771118164
1762239265302,112,4.399997711181641
1762239265310,110,1.3999977111816406
1762239265316,110,-2.6000022888183594
1762239265325,109,-2.6000022888183594
1762239265330,109,-3.6000022888183594
1762239265383,109,-2.6000022888183594
1762239265392,110,1.3999977111816406
1762239265399,111,6.399997711181641
1762239265406,114,15.39999771118164
1762239265413,120,25.39999771118164
1762239265420,124,33.39999771118164
1762239265427,130,42.39999771118164
1762239265434,134,49.39999771118164
1762239265441,138,54.39999771118164
1762239265448,142,57.39999771118164
1762239265455,142,59.39999771118164
1762239265463,143,61.39999771118164
1762239265521,143,60.39999771118164
1762239265532,143,59.39999771118164
1762239265539,142,57.39999771118164
1762239265545,140,54.39999771118164
1762239265553,138,52.39999771118164
1762239265559,138,49.39999771118164
1762239265566,137,48.39999771118164
1762239265573,136,46.39999771118164
1762239265580,136,45.39999771118164
1762239265645,137,46.39999771118164
1762239265649,138,47.39999771118164
1762239265656,138,48.39999771118164
1762239265664,141,49.39999771118164
1762239265670,142,51.39999771118164
1762239265679,142,53.39999771118164
1762239265685,143,53.39999771118164
1762239265694,143,53.39999771118164
1762239265745,142,53.39999771118164
1762239265755,139,51.39999771118164
1762239265760,135,46.39999771118164
1762239265767,132,41.39999771118164
1762239265775,127,33.39999771118164
1762239265781,124,29.39999771118164
1762239265788,122,24.39999771118164
1762239265795,121,21.39999771118164
1762239265809,120,20.39999771118164
1762239265816,120,19.39999771118164
1762239265863,120,21.39999771118164
1762239265872,120,26.39999771118164
1762239265879,122,31.39999771118164
1762239265885,124,38.39999771118164
1762239265892,127,44.39999771118164
1762239265899,130,53.39999771118164
1762239265906,132,58.39999771118164
1762239265913,134,64.39999771118164
1762239265920,135,68.39999771118164
1762239265927,136,71.39999771118164
1762239265934,136,73.39999771118164
1762239265941,136,74.39999771118164
1762239265985,133,72.39999771118164
1762239265990,127,67.39999771118164
1762239265998,122,62.39999771118164
1762239266004,114,56.39999771118164
1762239266014,109,50.39999771118164
1762239266024,102,45.39999771118164
1762239266031,98,41.39999771118164
1762239266038,97,41.39999771118164
1762239266046,95,39.39999771118164
1762239266051,94,39.39999771118164
1762239266059,94,38.39999771118164
1762239266100,94,40.39999771118164
1762239266108,95,45.39999771118164
1762239266115,98,53.39999771118164
1762239266122,102,63.39999771118164
1762239266135,104,73.39999771118164
1762239266143,109,85.39999771118164
1762239266150,110,88.39999771118164
1762239266159,110,89.39999771118164
1762239266170,110,90.39999771118164
1762239266210,110,89.39999771118164
1762239266214,110,88.39999771118164
1762239266226,106,85.39999771118164
1762239266233,105,81.39999771118164
1762239266240,102,77.39999771118164
1762239266246,101,77.39999771118164
1762239266253,100,76.39999771118164
1762239266260,100,75.39999771118164
1762239266268,100,74.39999771118164
1762239266320,99,74.39999771118164
1762239266331,99,77.39999771118164
1762239266336,101,80.39999771118164
1762239266346,103,86.39999771118164
1762239266351,105,92.39999771118164
1762239266361,107,98.39999771118164
1762239266372,109,101.39999771118164
1762239266379,110,103.39999771118164
1762239266386,110,104.39999771118164
1762239266392,110,105.39999771118164
1762239266428,110,104.39999771118164
1762239266434,110,101.39999771118164
1762239266441,109,97.39999771118164
1762239266448,108,90.39999771118164
1762239266455,107,85.39999771118164
1762239266461,106,78.39999771118164
1762239266469,106,75.39999771118164
1762239266476,106,71.39999771118164
1762239266482,106,69.39999771118164
1762239266503,106,69.39999771118164
1762239266539,106,68.39999771118164
1762239266549,106,69.39999771118164
1762239266554,109,70.39999771118164
1762239266566,111,75.39999771118164
1762239266572,113,78.39999771118164
1762239266579,115,81.39999771118164
1762239266587,118,85.39999771118164
1762239266594,118,86.39999771118164
1762239266600,119,87.39999771118164
1762239266645,119,85.39999771118164
1762239266650,118,81.39999771118164
1762239266663,117,76.39999771118164
1762239266670,114,68.39999771118164
1762239266677,112,61.39999771118164
1762239266684,108,48.39999771118164
1762239266692,105,42.39999771118164
1762239266699,104,39.39999771118164
1762239266707,103,37.39999771118164
1762239266719,103,36.39999771118164
1762239266725,102,35.39999771118164
1762239266761,103,35.39999771118164
1762239266767,104,37.39999771118164
1762239266774,108,41.39999771118164
1762239266781,110,44.39999771118164
1762239266788,113,49.39999771118164
1762239266796,118,53.39999771118164
1762239266809,119,56.39999771118164
1762239266816,122,59.39999771118164
1762239266823,122,59.39999771118164
1762239266890,121,58.39999771118164
1762239266899,119,55.39999771118164
1762239266906,118,52.39999771118164
1762239266913,115,47.39999771118164
1762239266920,114,44.39999771118164
1762239266927,112,41.39999771118164
1762239266935,111,39.39999771118164
1762239266941,111,38.39999771118164
1762239267008,112,41.39999771118164
1762239267018,114,44.39999771118164
1762239267024,119,49.39999771118164
1762239267031,123,55.39999771118164
1762239267039,127,60.39999771118164
1762239267045,130,62.39999771118164
1762239267052,132,64.39999771118164
1762239267059,133,65.39999771118164
1762239267113,132,63.39999771118164
1762239267122,130,58.39999771118164
1762239267128,127,50.39999771118164
1762239267135,126,42.39999771118164
1762239267149,121,21.39999771118164
1762239267156,119,16.39999771118164
1762239267163,118,10.39999771118164
1762239267171,118,8.39999771118164
1762239267177,118,7.399997711181641
1762239267237,121,10.39999771118164
1762239267246,123,17.39999771118164
1762239267253,130,23.39999771118164
1762239267260,134,29.39999771118164
1762239267267,136,32.39999771118164
1762239267274,140,35.39999771118164
1762239267281,141,36.39999771118164
1762239267361,141,35.39999771118164
1762239268717,726,305.39999771118164
1762239270811,706,280.39999771118164
1762239271055,706,281.39999771118164
1762239271065,706,283.39999771118164
1762239271072,706,285.39999771118164
1762239271079,706,285.39999771118164
1762239271172,706,284.39999771118164
1762239271177,706,280.39999771118164
1762239271190,706,274.39999771118164
1762239271198,706,266.39999771118164
1762239271204,706,261.39999771118164
1762239271211,706,255.39999771118164
1762239271219,705,253.39999771118164
1762239271226,705,250.39999771118164
1762239271233,705,247.39999771118164
1762239271246,705,246.39999771118164
1762239271253,704,246.39999771118164
1762239271311,706,248.39999771118164
1762239271316,707,251.39999771118164
1762239271329,709,256.39999771118164
1762239271337,712,263.39999771118164
1762239271344,715,271.39999771118164
1762239271351,718,277.39999771118164
1762239271358,718,281.39999771118164
1762239271364,721,285.39999771118164
1762239271371,721,287.39999771118164
1762239271381,721,288.39999771118164
1762239271460,721,285.39999771118164
1762239271472,719,281.39999771118164
1762239271478,718,275.39999771118164
1762239271484,717,272.39999771118164
1762239271489,714,268.39999771118164
1762239271503,714,265.39999771118164
1762239271509,714,264.39999771118164
1762239271517,714,263.39999771118164
1762239271578,715,266.39999771118164
1762239271583,717,273.39999771118164
1762239271593,721,281.39999771118164
1762239271599,724,288.39999771118164
1762239271607,728,295.39999771118164
1762239271614,730,298.39999771118164
1762239271621,731,300.39999771118164
1762239271628,732,301.39999771118164
1762239271688,732,300.39999771118164
1762239271692,731,296.39999771118164
1762239271705,730,289.39999771118164
1762239271712,729,282.39999771118164
1762239271718,727,277.39999771118164
1762239271726,726,270.39999771118164
1762239271732,725,269.39999771118164
1762239271739,725,267.39999771118164
1762239271746,725,266.39999771118164
1762239271804,726,267.39999771118164
1762239271809,730,272.39999771118164
1762239271816,737,279.39999771118164
1762239271823,743,288.39999771118164
1762239271830,750,296.39999771118164
1762239271836,757,303.39999771118164
1762239271844,762,308.39999771118164
1762239271851,765,313.39999771118164
1762239271859,766,314.39999771118164
1762239271866,766,314.39999771118164
1762239271916,766,312.39999771118164
1762239271926,765,305.39999771118164
1762239271933,763,298.39999771118164
1762239271941,761,292.39999771118164
1762239271947,758,285.39999771118164
1762239271954,756,281.39999771118164
1762239271961,755,278.39999771118164
1762239271968,754,276.39999771118164
1762239271975,754,275.39999771118164
1762239272047,755,277.39999771118164
1762239272059,758,283.39999771118164
1762239272065,762,289.39999771118164
1762239272072,764,293.39999771118164
1762239272079,766,298.39999771118164
1762239272087,768,301.39999771118164
1762239272092,768,303.39999771118164
1762239272149,767,297.39999771118164
1762239272156,764,288.39999771118164
1762239272162,761,278.39999771118164
1762239272169,757,269.39999771118164
1762239272176,754,259.39999771118164
1762239272184,751,253.39999771118164
1762239272190,750,248.39999771118164
1762239272204,749,245.39999771118164
1762239272211,747,244.39999771118164
1762239272218,747,243.39999771118164
1762239272259,748,243.39999771118164
1762239272268,750,245.39999771118164
1762239272273,751,247.39999771118164
1762239272280,754,253.39999771118164
1762239272287,760,260.39999771118164
1762239272294,763,269.39999771118164
1762239272308,770,282.39999771118164
1762239272315,771,285.39999771118164
1762239272322,772,287.39999771118164
1762239272328,772,288.39999771118164
1762239272336,773,288.39999771118164
1762239272388,773,287.39999771118164
1762239272399,773,286.39999771118164
1762239272405,773,281.39999771118164
1762239272412,773,277.39999771118164
1762239272420,772,272.39999771118164
1762239272426,771,269.39999771118164
1762239272433,771,265.39999771118164
1762239272440,770,263.39999771118164
1762239272447,770,262.39999771118164
1762239272512,771,263.39999771118164
1762239272517,772,265.39999771118164
1762239272524,773,267.39999771118164
1762239272537,774,268.39999771118164
1762239272544,774,269.39999771118164
1762239272551,774,269.39999771118164
1762239272609,774,269.39999771118164
1762239272615,774,266.39999771118164
1762239272621,774,265.39999771118164
1762239272627,774,264.39999771118164
1762239272635,773,262.39999771118164
1762239272642,773,261.39999771118164
1762239272727,774,266.39999771118164
1762239272732,778,274.39999771118164
1762239272740,782,285.39999771118164
1762239272745,786,293.39999771118164
1762239272753,788,298.39999771118164
1762239272760,792,305.39999771118164
1762239272774,794,308.39999771118164
1762239272780,794,309.39999771118164
1762239272787,794,309.39999771118164
1762239272838,794,307.39999771118164
1762239272850,793,300.39999771118164
1762239272857,790,293.39999771118164
1762239272863,788,285.39999771118164
1762239272871,786,277.39999771118164
1762239272877,785,273.39999771118164
1762239272884,784,270.39999771118164
1762239272892,783,269.39999771118164
1762239272899,783,268.39999771118164
1762239272906,783,267.39999771118164
1762239272962,785,269.39999771118164
1762239272968,788,278.39999771118164
1762239272975,794,288.39999771118164
1762239272982,801,297.39999771118164
1762239272996,811,310.39999771118164
1762239273002,814,313.39999771118164
1762239273012,816,315.39999771118164
1762239273017,816,316.39999771118164
1762239273061,816,314.39999771118164
1762239273073,814,312.39999771118164
1762239273079,813,308.39999771118164
1762239273086,812,305.39999771118164
1762239273094,811,304.39999771118164
1762239273102,810,301.39999771118164
1762239273109,810,301.39999771118164
1762239273114,810,300.39999771118164
1762239273194,810,301.39999771118164
1762239273199,810,301.39999771118164
1762239273211,811,301.39999771118164
1762239273217,811,302.39999771118164
1762239273224,811,303.39999771118164
1762239273232,812,303.39999771118164
1762239273288,811,301.39999771118164
1762239273294,810,296.39999771118164
1762239273302,807,289.39999771118164
1762239273308,805,283.39999771118164
1762239273316,802,277.39999771118164
1762239273322,802,274.39999771118164
1762239273336,801,273.39999771118164
1762239273343,801,271.39999771118164
1762239273409,801,272.39999771118164
1762239273420,803,274.39999771118164
1762239273426,809,281.39999771118164
1762239273433,813,288.39999771118164
1762239273440,818,295.39999771118164
1762239273447,821,300.39999771118164
1762239273453,822,303.39999771118164
1762239273461,824,305.39999771118164
1762239273482,825,306.39999771118164
1762239273540,824,303.39999771118164
1762239273546,822,297.39999771118164
1762239273559,820,289.39999771118164
1762239273566,817,281.39999771118164
1762239273573,814,274.39999771118164
1762239273578,812,270.39999771118164
1762239273586,811,267.39999771118164
1762239273592,811,265.39999771118164
1762239273600,811,265.39999771118164
1762239273656,813,266.39999771118164
1762239273663,818,273.39999771118164
1762239273676,823,282.39999771118164
1762239273683,833,297.39999771118164
1762239273690,835,300.39999771118164
1762239273698,837,302.39999771118164
1762239273704,838,304.39999771118164
1762239273758,838,302.39999771118164
1762239273772,836,297.39999771118164
1762239273779,835,291.39999771118164
1762239273785,834,288.39999771118164
1762239273794,833,285.39999771118164
1762239273801,832,281.39999771118164
1762239273808,831,279.39999771118164
1762239273815,830,278.39999771118164
1762239273822,829,277.39999771118164
1762239273828,829,277.39999771118164
1762239273890,830,277.39999771118164
1762239273899,831,278.39999771118164
1762239273906,834,281.39999771118164
1762239273912,837,289.39999771118164
1762239273919,840,293.39999771118164
1762239273926,842,299.39999771118164
1762239273933,844,302.39999771118164
1762239273940,845,304.39999771118164
1762239273947,846,304.39999771118164
1762239273998,846,302.39999771118164
1762239274003,845,297.39999771118164
1762239274016,842,289.39999771118164
1762239274024,838,270.39999771118164
1762239274030,838,265.39999771118164
1762239274039,836,260.39999771118164
1762239274045,836,258.39999771118164
1762239274056,836,257.39999771118164
1762239274061,835,256.39999771118164
1762239274128,836,257.39999771118164
1762239274135,838,259.39999771118164
1762239274141,840,262.39999771118164
1762239274148,842,267.39999771118164
1762239274155,844,271.39999771118164
1762239274163,846,277.39999771118164
1762239274169,848,281.39999771118164
1762239274176,849,284.39999771118164
1762239274190,850,284.39999771118164
1762239274197,850,285.39999771118164
1762239274258,850,283.39999771118164
1762239274267,850,280.39999771118164
1762239274273,849,276.39999771118164
1762239274280,846,269.39999771118164
1762239274287,846,267.39999771118164
1762239274294,846,265.39999771118164
1762239274301,846,263.39999771118164
1762239274409,846,264.39999771118164
1762239274422,846,265.39999771118164
-1,-1,-1
1762239260390,,
1762239263999,,
1762239268717,,
1762239270811,,
-1,-1,-1
1762239263194,,
1762239267410,,
1762239269484,,
1762239274489,,
