1762238811463,703.6666564941406,346
1762238811474,690.6666564941406,341
1762238811479,679.6666564941406,337
1762238811565,574.6666564941406,307
1762238811573,559.6666564941406,303
1762238811583,551.6666564941406,301
1762238811624,528.6666564941406,295
1762238811641,526.6666564941406,293
1762238811674,517.6666564941406,291
1762238811691,515.6666564941406,291
1762238811724,511.6666564941406,289
1762238811741,510.6666564941406,289
1762238812058,511.6666564941406,289
1762238812075,513.6666564941406,289
1762238812091,519.6666564941406,290
1762238812108,520.6666564941406,290
1762238812302,523.6666564941406,290
1762238812312,524.6666564941406,290
1762238812324,525.6666564941406,290
1762238812341,529.6666564941406,289
1762238812358,532.6666564941406,288
1762238812374,537.6666564941406,285
1762238812391,538.6666564941406,284
1762238812407,539.6666564941406,283
1762238812424,540.6666564941406,283
1762238812441,542.6666564941406,281
1762238812458,543.6666564941406,279
1762238812474,545.6666564941406,276
1762238812491,547.6666564941406,272
1762238812508,549.6666564941406,267
1762238812524,551.6666564941406,261
1762238812541,553.6666564941406,255
1762238812558,553.6666564941406,248
1762238812574,553.6666564941406,243
1762238812591,552.6666564941406,240
1762238812608,551.6666564941406,235
1762238812624,549.6666564941406,229
1762238812641,548.6666564941406,223
1762238812658,545.6666564941406,214
1762238812674,543.6666564941406,205
1762238812691,541.6666564941406,201
1762238812708,539.6666564941406,196
1762238812724,537.6666564941406,191
1762238812741,535.6666564941406,186
1762238812758,530.6666564941406,179
1762238812774,519.6666564941406,166
1762238812791,505.6666564941406,155
1762238812807,488.6666564941406,138
1762238812824,471.6666564941406,127
1762238812841,461.6666564941406,121
1762238812858,455.6666564941406,117
1762238812875,451.6666564941406,116
1762238812891,447.6666564941406,115
1762238812908,445.6666564941406,114
1762238812924,441.6666564941406,113
1762238812941,438.6666564941406,112
1762238812958,434.6666564941406,112
1762238812975,433.6666564941406,111
1762238812999,432.6666564941406,111
1762238813023,431.6666564941406,111
1762238813334,432.6666564941406,112
1762238813342,433.6666564941406,113
1762238813359,435.6666564941406,115
1762238813408,439.6666564941406,121
1762238813424,449.6666564941406,132
1762238813441,463.6666564941406,147
1762238813458,473.6666564941406,157
1762238813474,477.6666564941406,161
1762238813491,481.6666564941406,177
1762238813508,481.6666564941406,184
1762238813524,479.6666564941406,189
1762238813541,469.6666564941406,195
1762238813558,460.6666564941406,199
1762238813574,455.6666564941406,199
1762238813591,454.6666564941406,200
1762238813764,453.6666564941406,263
1762238813780,452.6666564941406,281
1762238813796,451.6666564941406,300
1762238813813,447.6666564941406,319
1762238813991,445.6666564941406,373
1762238814025,443.6666564941406,373
1762238814058,442.6666564941406,373
1762238814454,441.6666564941406,372
1762238814460,439.6666564941406,371
1762238814474,433.6666564941406,369
1762238814491,410.6666564941406,360
1762238814508,383.6666564941406,354
1762238814524,351.6666564941406,349
1762238814541,305.6666564941406,347
1762238814558,269.6666564941406,345
1762238814574,227.66665649414062,343
1762238814591,208.66665649414062,342
1762238814608,197.66665649414062,341
1762238814624,187.66665649414062,341
1762238814641,179.66665649414062,341
1762238814658,170.66665649414062,341
1762238814675,163.66665649414062,341
1762238814691,159.66665649414062,342
1762238814708,156.66665649414062,343
1762238814725,155.66665649414062,343
1762238815537,153.66665649414062,343
1762238815544,149.66665649414062,343
1762238815558,144.66665649414062,343
1762238815575,131.66665649414062,345
1762238815591,119.66665649414062,345
1762238815608,111.66665649414062,346
1762238815625,105.66665649414062,348
1762238815641,99.66665649414062,348
1762238815658,95.66665649414062,349
1762238815675,93.66665649414062,349
1762238815691,91.66665649414062,349
1762238816072,89.66665649414062,352
1762238816079,86.66665649414062,354
1762238816091,84.66665649414062,355
1762238816108,79.66665649414062,359
1762238816124,77.66665649414062,361
1762238816142,76.66665649414062,361
1762238817225,82.66665649414062,179
1762238817241,84.66665649414062,177
1762238817258,86.66665649414062,177
1762238817275,91.66665649414062,177
1762238817291,97.66665649414062,177
1762238817308,99.66665649414062,177
1762238817325,100.66665649414062,177
1762238817341,101.66665649414062,177
1762238817358,103.66665649414062,177
1762238817375,106.66665649414062,177
1762238817408,109.66665649414062,173
1762238817424,109.66665649414062,169
1762238817441,109.66665649414062,163
1762238817458,109.66665649414062,157
1762238817475,109.66665649414062,156
1762238817642,111.66665649414062,156
1762238817653,113.66665649414062,156
1762238817730,114.66665649414062,157
1762238817741,114.66665649414062,158
1762238817758,115.66665649414062,161
1762238817774,117.66665649414062,166
1762238817791,121.66665649414062,171
1762238817808,125.66665649414062,175
1762238817824,128.66665649414062,182
1762238817841,129.66665649414062,185
1762238817858,130.66665649414062,187
1762238817936,131.66665649414062,187
1762238817943,131.66665649414062,183
1762238817958,131.66665649414062,180
1762238817975,125.66665649414062,167
1762238817991,124.66665649414062,162
1762238818008,123.66665649414062,159
1762238818025,123.66665649414062,158
1762238818120,122.66665649414062,159
1762238818127,121.66665649414062,162
1762238818141,119.66665649414062,167
1762238818158,113.66665649414062,175
1762238818174,112.66665649414062,179
1762238818191,112.66665649414062,183
1762238818273,112.66665649414062,181
1762238818291,114.66665649414062,169
1762238818308,116.66665649414062,152
1762238818325,116.66665649414062,137
1762238818341,116.66665649414062,129
1762238818358,115.66665649414062,126
1762238818408,115.66665649414062,135
1762238818424,115.66665649414062,150
1762238818441,115.66665649414062,161
1762238818458,115.66665649414062,168
1762238818475,115.66665649414062,174
1762238818491,115.66665649414062,175
1762238818558,115.66665649414062,166
1762238818574,115.66665649414062,155
1762238818591,115.66665649414062,143
1762238818608,115.66665649414062,135
1762238818625,115.66665649414062,134
1762238818675,115.66665649414062,138
1762238818692,115.66665649414062,150
1762238818708,115.66665649414062,161
1762238818725,115.66665649414062,167
1762238818741,115.66665649414062,171
1762238818824,113.66665649414062,157
1762238818841,111.66665649414062,145
1762238818858,109.66665649414062,139
1762238818875,108.66665649414062,138
1762238818892,107.66665649414062,138
1762238818908,106.66665649414062,139
1762238818925,105.66665649414062,142
1762238818941,98.66665649414062,161
1762238818958,85.66665649414062,179
1762238818974,83.66665649414062,184
1762238818991,82.66665649414062,187
1762238819041,83.66665649414062,184
1762238819058,89.66665649414062,175
1762238819075,95.66665649414062,164
1762238819091,101.66665649414062,153
1762238819108,106.66665649414062,147
1762238819125,107.66665649414062,144
1762238819168,107.66665649414062,146
1762238819175,107.66665649414062,149
1762238819192,106.66665649414062,161
1762238819208,106.66665649414062,175
1762238819224,104.66665649414062,184
1762238819241,104.66665649414062,186
1762238819291,107.66665649414062,176
1762238819308,109.66665649414062,156
1762238819325,111.66665649414062,133
1762238819341,113.66665649414062,117
1762238819358,113.66665649414062,114
1762238819382,113.66665649414062,115
1762238819391,113.66665649414062,119
1762238819408,111.66665649414062,135
1762238819424,109.66665649414062,152
1762238819441,107.66665649414062,161
1762238819458,107.66665649414062,165
1762238819495,107.66665649414062,165
1762238819508,109.66665649414062,165
1762238819525,116.66665649414062,161
1762238819541,125.66665649414062,157
1762238819558,130.66665649414062,153
1762238819574,130.66665649414062,152
1762238819592,126.66665649414062,151
1762238819608,122.66665649414062,151
1762238819625,117.66665649414062,151
1762238819641,112.66665649414062,157
1762238819658,107.66665649414062,163
1762238819675,105.66665649414062,172
1762238819691,110.66665649414062,179
1762238819708,117.66665649414062,183
1762238819725,125.66665649414062,184
1762238819741,133.66665649414062,183
1762238819758,147.66665649414062,170
1762238819775,151.66665649414062,163
1762238819791,153.66665649414062,151
1762238819808,145.66665649414062,146
1762238819824,137.66665649414062,143
1762238819841,131.66665649414062,142
1762238819858,121.66665649414062,147
1762238819875,111.66665649414062,154
1762238819892,102.66665649414062,163
1762238819908,97.66665649414062,170
1762238819925,97.66665649414062,174
1762238819941,105.66665649414062,177
1762238819958,113.66665649414062,179
1762238819974,121.66665649414062,179
1762238819991,127.66665649414062,177
1762238820008,134.66665649414062,171
1762238820025,138.66665649414062,165
1762238820041,139.66665649414062,160
1762238820058,130.66665649414062,156
1762238820075,118.66665649414062,150
1762238820091,112.66665649414062,148
1762238820108,106.66665649414062,148
1762238820125,101.66665649414062,151
1762238820141,100.66665649414062,158
1762238820158,107.66665649414062,168
1762238820175,113.66665649414062,171
1762238820191,120.66665649414062,173
1762238820208,130.66665649414062,170
1762238820225,141.66665649414062,163
1762238820241,155.66665649414062,151
1762238820258,160.66665649414062,141
1762238820275,155.66665649414062,133
1762238820291,143.66665649414062,129
1762238820308,127.66665649414062,127
1762238820325,104.66665649414062,135
1762238820341,97.66665649414062,141
1762238820358,80.66665649414062,155
1762238820375,75.66665649414062,165
1762238820391,81.66665649414062,172
1762238820408,92.66665649414062,176
1762238820424,102.66665649414062,177
1762238820441,121.66665649414062,177
1762238820458,140.66665649414062,172
1762238820474,158.66665649414062,162
1762238820491,165.66665649414062,155
1762238820508,166.66665649414062,151
1762238820525,159.66665649414062,147
1762238820542,150.66665649414062,145
1762238820558,133.66665649414062,145
1762238820574,117.66665649414062,152
1762238820591,109.66665649414062,160
1762238820608,108.66665649414062,170
1762238820625,113.66665649414062,178
1762238820641,125.66665649414062,184
1762238820658,131.66665649414062,185
1762238820675,135.66665649414062,185
1762238820692,143.66665649414062,179
1762238820708,149.66665649414062,167
1762238820725,149.66665649414062,155
1762238820741,141.66665649414062,145
1762238820758,131.66665649414062,138
1762238820774,121.66665649414062,135
1762238820791,114.66665649414062,138
1762238820808,104.66665649414062,148
1762238820824,95.66665649414062,163
1762238820842,91.66665649414062,174
1762238820858,93.66665649414062,183
1762238820875,100.66665649414062,186
1762238820892,109.66665649414062,186
1762238820908,119.66665649414062,183
1762238820925,138.66665649414062,171
1762238820941,154.66665649414062,159
1762238820958,167.66665649414062,139
1762238820974,160.66665649414062,133
1762238820991,151.66665649414062,130
1762238821008,140.66665649414062,130
1762238821024,124.66665649414062,137
1762238821041,107.66665649414062,149
1762238821058,93.66665649414062,163
1762238821074,89.66665649414062,173
1762238821092,93.66665649414062,181
1762238821108,103.66665649414062,185
1762238821125,113.66665649414062,187
1762238821141,125.66665649414062,187
1762238821158,141.66665649414062,180
1762238821175,157.66665649414062,163
1762238821191,159.66665649414062,152
1762238821208,149.66665649414062,142
1762238821225,141.66665649414062,137
1762238821242,120.66665649414062,132
1762238821258,105.66665649414062,134
1762238821275,95.66665649414062,142
1762238821291,85.66665649414062,155
1762238821308,83.66665649414062,171
1762238821324,89.66665649414062,182
1762238821342,95.66665649414062,187
1762238821358,103.66665649414062,188
1762238821375,110.66665649414062,182
1762238821391,120.66665649414062,169
1762238821408,125.66665649414062,157
1762238821425,125.66665649414062,143
1762238821442,111.66665649414062,130
1762238821458,105.66665649414062,127
1762238821475,102.66665649414062,127
1762238821492,95.66665649414062,132
1762238821508,89.66665649414062,145
1762238821525,85.66665649414062,161
1762238821541,85.66665649414062,173
1762238821558,92.66665649414062,182
1762238821575,102.66665649414062,187
1762238821591,110.66665649414062,187
1762238821608,126.66665649414062,181
1762238821625,145.66665649414062,169
1762238821641,155.66665649414062,159
1762238821658,157.66665649414062,153
1762238821675,150.66665649414062,148
1762238821691,141.66665649414062,145
1762238821708,129.66665649414062,145
1762238821725,115.66665649414062,148
1762238821741,101.66665649414062,156
1762238821758,89.66665649414062,172
1762238821775,91.66665649414062,183
1762238821791,101.66665649414062,191
1762238821808,117.66665649414062,195
1762238821824,128.66665649414062,196
1762238821841,145.66665649414062,191
1762238821858,161.66665649414062,182
1762238821875,167.66665649414062,176
1762238821892,167.66665649414062,161
1762238821908,160.66665649414062,154
1762238821925,134.66665649414062,139
1762238821941,121.66665649414062,137
1762238821958,101.66665649414062,141
1762238821974,87.66665649414062,149
1762238821991,73.66665649414062,161
1762238822008,62.666656494140625,174
1762238822025,59.666656494140625,181
1762238822041,61.666656494140625,185
1762238822058,69.66665649414062,187
1762238822075,73.66665649414062,187
1762238822091,80.66665649414062,186
1762238822108,90.66665649414062,179
1762238822125,102.66665649414062,168
1762238822141,107.66665649414062,160
1762238822158,105.66665649414062,152
1762238822175,97.66665649414062,148
1762238822191,93.66665649414062,147
1762238822208,91.66665649414062,147
1762238822224,84.66665649414062,151
1762238822241,79.66665649414062,161
1762238822258,78.66665649414062,166
1762238822275,85.66665649414062,175
1762238822292,97.66665649414062,181
1762238822308,107.66665649414062,183
1762238822325,122.66665649414062,184
1762238822342,143.66665649414062,177
1762238822358,159.66665649414062,168
1762238822375,163.66665649414062,161
1762238822391,155.66665649414062,150
1762238822408,141.66665649414062,145
1762238822425,131.66665649414062,143
1762238822441,120.66665649414062,143
1762238822458,109.66665649414062,147
1762238822474,100.66665649414062,159
1762238822491,97.66665649414062,171
1762238822508,99.66665649414062,181
1762238822525,111.66665649414062,188
1762238822541,118.66665649414062,191
1762238822558,131.66665649414062,191
1762238822574,156.66665649414062,179
1762238822591,168.66665649414062,169
1762238822608,171.66665649414062,161
1762238822625,167.66665649414062,156
1762238822641,154.66665649414062,152
1762238822658,141.66665649414062,150
1762238822675,126.66665649414062,151
1762238822691,103.66665649414062,164
1762238822708,84.66665649414062,177
1762238822725,73.66665649414062,193
1762238822742,73.66665649414062,207
1762238822758,89.66665649414062,218
1762238822775,95.66665649414062,220
1762238822791,103.66665649414062,221
1762238822808,115.66665649414062,213
1762238822825,127.66665649414062,203
1762238822841,131.66665649414062,193
1762238822858,130.66665649414062,187
1762238822874,121.66665649414062,180
1762238822891,113.66665649414062,177
1762238822908,107.66665649414062,177
1762238822925,97.66665649414062,183
1762238822941,87.66665649414062,199
1762238822958,86.66665649414062,226
1762238822975,91.66665649414062,239
1762238822991,102.66665649414062,247
1762238823008,111.66665649414062,249
1762238823025,122.66665649414062,246
1762238823042,137.66665649414062,233
1762238823058,149.66665649414062,219
1762238823075,153.66665649414062,205
1762238823092,147.66665649414062,195
1762238823109,139.66665649414062,191
1762238823125,127.66665649414062,190
1762238823141,115.66665649414062,192
1762238823158,101.66665649414062,201
1762238823175,82.66665649414062,218
1762238823191,79.66665649414062,227
1762238823208,83.66665649414062,234
1762238823225,97.66665649414062,238
1762238823241,107.66665649414062,239
1762238823259,127.66665649414062,236
1762238823275,147.66665649414062,225
1762238823291,159.66665649414062,214
1762238823308,163.66665649414062,203
1762238823325,157.66665649414062,197
1762238823341,148.66665649414062,192
1762238823358,139.66665649414062,189
1762238823375,124.66665649414062,189
1762238823391,115.66665649414062,195
1762238823408,106.66665649414062,204
1762238823425,105.66665649414062,210
1762238823441,111.66665649414062,217
1762238823458,120.66665649414062,221
1762238823475,127.66665649414062,222
1762238823491,134.66665649414062,221
1762238823509,143.66665649414062,214
1762238823525,150.66665649414062,206
1762238823541,153.66665649414062,197
1762238823558,145.66665649414062,187
1762238823575,130.66665649414062,181
1762238823591,125.66665649414062,179
1762238823608,120.66665649414062,181
1762238823625,114.66665649414062,189
1762238823641,107.66665649414062,201
1762238823658,105.66665649414062,209
1762238823675,109.66665649414062,215
1762238823691,121.66665649414062,221
1762238823708,128.66665649414062,222
1762238823725,138.66665649414062,221
1762238823741,147.66665649414062,215
1762238823758,156.66665649414062,201
1762238823775,151.66665649414062,190
1762238823791,136.66665649414062,182
1762238823808,125.66665649414062,179
1762238823825,113.66665649414062,178
1762238823841,97.66665649414062,181
1762238823858,81.66665649414062,188
1762238823875,67.66665649414062,198
1762238823892,61.666656494140625,206
1762238823908,62.666656494140625,211
1762238823925,77.66665649414062,215
1762238823941,89.66665649414062,219
1762238823958,101.66665649414062,219
1762238823975,121.66665649414062,209
1762238823991,131.66665649414062,200
1762238824008,133.66665649414062,193
1762238824025,128.66665649414062,189
1762238824041,122.66665649414062,187
1762238824058,114.66665649414062,187
1762238824075,104.66665649414062,192
1762238824092,96.66665649414062,199
1762238824109,89.66665649414062,208
1762238824125,89.66665649414062,213
1762238824141,99.66665649414062,218
1762238824158,113.66665649414062,220
1762238824175,119.66665649414062,219
1762238824191,134.66665649414062,211
1762238824208,137.66665649414062,209
1762238824225,145.66665649414062,197
1762238824241,145.66665649414062,195
1762238824258,138.66665649414062,193
1762238824275,133.66665649414062,192
1762238824291,129.66665649414062,192
1762238824308,121.66665649414062,197
1762238824325,116.66665649414062,202
1762238824341,113.66665649414062,210
1762238824358,118.66665649414062,215
1762238824375,127.66665649414062,218
1762238824391,133.66665649414062,219
1762238824408,139.66665649414062,219
1762238824425,147.66665649414062,213
1762238824441,153.66665649414062,203
1762238824458,153.66665649414062,199
1762238824474,142.66665649414062,191
1762238824492,133.66665649414062,188
1762238824508,123.66665649414062,186
1762238824525,107.66665649414062,192
1762238824541,95.66665649414062,199
1762238824558,89.66665649414062,211
1762238824575,95.66665649414062,219
1762238824591,111.66665649414062,224
1762238824608,129.66665649414062,226
1762238824625,156.66665649414062,225
1762238824641,177.66665649414062,218
1762238824658,182.66665649414062,213
1762238824675,178.66665649414062,209
1762238824691,161.66665649414062,205
1762238824708,144.66665649414062,203
1762238824725,123.66665649414062,204
1762238824741,103.66665649414062,211
1762238824758,91.66665649414062,219
1762238824775,89.66665649414062,222
1762238824792,95.66665649414062,227
1762238824808,103.66665649414062,228
1762238824825,117.66665649414062,230
1762238824841,136.66665649414062,229
1762238824858,161.66665649414062,222
1762238824875,170.66665649414062,219
1762238824892,167.66665649414062,217
1762238824908,147.66665649414062,214
1762238824925,115.66665649414062,213
1762238824941,85.66665649414062,216
1762238824959,69.66665649414062,219
1762238824975,67.66665649414062,220
1762238824991,72.66665649414062,221
1762238825008,81.66665649414062,223
1762238825025,89.66665649414062,223
1762238825041,95.66665649414062,224
1762238825058,97.66665649414062,224
1762238825108,96.66665649414062,224
1762238825125,95.66665649414062,224
1762238825392,95.66665649414062,224
1762238825473,102.66665649414062,223
1762238825479,115.66665649414062,223
1762238825492,132.66665649414062,222
1762238825509,225.66665649414062,220
1762238825525,363.6666564941406,218
1762238825542,509.6666564941406,219
1762238825559,682.6666564941406,222
1762238825575,871.6666564941406,226
1762238825759,894.6666564941406,311
1762238825775,877.6666564941406,320
1762238825792,859.6666564941406,328
1762238825808,847.6666564941406,333
1762238825825,839.6666564941406,335
1762238825842,827.6666564941406,338
1762238825858,817.6666564941406,339
1762238825875,807.6666564941406,341
1762238825892,796.6666564941406,341
1762238825908,780.6666564941406,341
1762238825925,760.6666564941406,341
1762238825942,735.6666564941406,337
1762238825959,706.6666564941406,331
1762238825975,682.6666564941406,329
1762238825992,659.6666564941406,326
1762238826008,647.6666564941406,323
1762238827378,650.6666564941406,492
1762238827392,654.6666564941406,491
1762238827409,692.6666564941406,469
1762238827426,753.6666564941406,443
1762238827442,809.6666564941406,422
1762238827459,858.6666564941406,402
1762238827475,889.6666564941406,385
1762238827642,893.6666564941406,361
1762238827658,882.6666564941406,363
1762238827675,871.6666564941406,367
1762238827692,854.6666564941406,373
1762238827708,833.6666564941406,381
1762238827725,813.6666564941406,391
1762238827742,790.6666564941406,405
1762238827759,768.6666564941406,421
1762238827776,755.6666564941406,431
1762238827792,749.6666564941406,437
1762238827809,747.6666564941406,441
1762238827825,749.6666564941406,444
1762238827842,753.6666564941406,448
1762238827859,757.6666564941406,451
1762238827875,760.6666564941406,455
1762238827892,762.6666564941406,456
1762238827909,763.6666564941406,456
1762238827959,764.6666564941406,453
1762238827976,764.6666564941406,446
1762238827992,764.6666564941406,440
1762238828009,764.6666564941406,437
1762238828025,763.6666564941406,435
1762238828042,763.6666564941406,434
1762238828136,763.6666564941406,437
1762238828144,765.6666564941406,442
1762238828159,767.6666564941406,448
1762238828175,770.6666564941406,459
1762238828192,772.6666564941406,469
1762238828209,774.6666564941406,477
1762238828225,775.6666564941406,480
1762238828242,776.6666564941406,481
1762238828292,777.6666564941406,480
1762238828308,777.6666564941406,471
1762238828326,777.6666564941406,457
1762238828342,774.6666564941406,443
1762238828359,771.6666564941406,434
1762238828375,770.6666564941406,433
1762238828441,770.6666564941406,437
1762238828459,770.6666564941406,447
1762238828475,768.6666564941406,459
1762238828492,766.6666564941406,467
1762238828508,765.6666564941406,469
1762238828543,765.6666564941406,467
1762238828558,765.6666564941406,463
1762238828575,761.6666564941406,438
1762238828592,757.6666564941406,420
1762238828609,755.6666564941406,408
1762238828625,755.6666564941406,403
1762238828642,755.6666564941406,401
1762238828692,755.6666564941406,403
1762238828708,755.6666564941406,410
1762238828725,755.6666564941406,426
1762238828742,756.6666564941406,441
1762238828759,757.6666564941406,453
1762238828775,757.6666564941406,457
1762238828825,759.6666564941406,453
1762238828842,759.6666564941406,438
1762238828858,756.6666564941406,419
1762238828875,752.6666564941406,405
1762238828892,751.6666564941406,399
1762238828942,751.6666564941406,412
1762238828959,752.6666564941406,435
1762238828975,753.6666564941406,460
1762238828992,754.6666564941406,481
1762238829032,754.6666564941406,476
1762238829042,754.6666564941406,467
1762238829058,754.6666564941406,454
1762238829075,754.6666564941406,442
1762238829092,754.6666564941406,439
1762238829142,754.6666564941406,439
1762238829158,757.6666564941406,463
1762238829175,760.6666564941406,482
1762238829192,764.6666564941406,500
1762238829208,765.6666564941406,504
1762238829225,767.6666564941406,507
1762238829242,769.6666564941406,506
1762238829258,774.6666564941406,491
1762238829275,782.6666564941406,468
1762238829292,791.6666564941406,445
1762238829308,796.6666564941406,428
1762238829325,801.6666564941406,415
1762238829342,803.6666564941406,411
1762238829367,803.6666564941406,414
1762238829377,806.6666564941406,423
1762238829392,808.6666564941406,443
1762238829409,809.6666564941406,463
1762238829425,809.6666564941406,480
1762238829442,809.6666564941406,485
1762238829492,809.6666564941406,479
1762238829508,809.6666564941406,467
1762238829525,809.6666564941406,447
1762238829542,809.6666564941406,433
1762238829558,809.6666564941406,429
1762238829591,809.6666564941406,431
1762238829608,809.6666564941406,441
1762238829625,807.6666564941406,461
1762238829642,799.6666564941406,484
1762238829659,791.6666564941406,503
1762238829675,788.6666564941406,509
1762238829692,787.6666564941406,510
1762238829708,788.6666564941406,508
1762238829725,797.6666564941406,476
1762238829742,814.6666564941406,426
1762238829759,842.6666564941406,359
1762238829775,859.6666564941406,331
1762238829792,861.6666564941406,327
1762238829842,856.6666564941406,339
1762238829859,843.6666564941406,365
1762238829876,819.6666564941406,405
1762238829892,793.6666564941406,447
1762238829909,763.6666564941406,496
1762238829926,743.6666564941406,533
1762238829942,737.6666564941406,548
1762238829958,737.6666564941406,549
1762238829975,741.6666564941406,549
1762238829991,759.6666564941406,502
1762238830008,768.6666564941406,452
1762238830025,775.6666564941406,393
1762238830042,776.6666564941406,361
1762238830059,777.6666564941406,352
1762238830088,775.6666564941406,357
1762238830109,773.6666564941406,381
1762238830125,771.6666564941406,406
1762238830142,770.6666564941406,418
1762238830158,770.6666564941406,435
1762238830184,770.6666564941406,435
1762238830191,770.6666564941406,430
1762238830208,771.6666564941406,406
1762238830225,776.6666564941406,381
1762238830242,779.6666564941406,363
1762238830258,782.6666564941406,351
1762238830275,783.6666564941406,349
1762238830309,783.6666564941406,354
1762238830325,783.6666564941406,371
1762238830342,785.6666564941406,392
1762238830359,789.6666564941406,408
1762238830375,796.6666564941406,421
1762238830392,799.6666564941406,421
1762238830408,799.6666564941406,421
1762238830425,802.6666564941406,421
1762238830442,805.6666564941406,413
1762238830459,805.6666564941406,407
1762238830475,806.6666564941406,403
1762238830492,805.6666564941406,400
1762238830508,801.6666564941406,399
1762238830525,797.6666564941406,399
1762238830542,795.6666564941406,399
1762238830559,787.6666564941406,410
1762238830575,775.6666564941406,433
1762238830592,773.6666564941406,444
1762238830608,773.6666564941406,447
1762238830625,777.6666564941406,449
1762238830641,781.6666564941406,449
1762238830658,783.6666564941406,449
1762238830675,790.6666564941406,444
1762238830692,797.6666564941406,437
1762238830708,806.6666564941406,427
1762238830725,809.6666564941406,423
1762238830742,806.6666564941406,414
1762238830759,795.6666564941406,408
1762238830775,774.6666564941406,405
1762238830792,755.6666564941406,409
1762238830808,742.6666564941406,420
1762238830825,735.6666564941406,438
1762238830842,737.6666564941406,451
1762238830859,746.6666564941406,457
1762238830875,755.6666564941406,459
1762238830892,766.6666564941406,456
1762238830908,777.6666564941406,446
1762238830925,790.6666564941406,431
1762238830942,799.6666564941406,415
1762238830958,800.6666564941406,407
1762238830975,796.6666564941406,401
1762238830992,793.6666564941406,400
1762238831008,788.6666564941406,402
1762238831025,779.6666564941406,414
1762238831042,774.6666564941406,431
1762238831058,774.6666564941406,445
1762238831075,780.6666564941406,453
1762238831092,790.6666564941406,457
1762238831109,795.6666564941406,459
1762238831125,799.6666564941406,459
1762238831142,809.6666564941406,451
1762238831159,814.6666564941406,442
1762238831175,817.6666564941406,430
1762238831192,814.6666564941406,426
1762238831208,807.6666564941406,424
1762238831225,801.6666564941406,424
1762238831242,795.6666564941406,427
1762238831259,785.6666564941406,437
1762238831275,780.6666564941406,452
1762238831292,779.6666564941406,467
1762238831308,785.6666564941406,477
1762238831326,791.6666564941406,480
1762238831342,796.6666564941406,481
1762238831359,801.6666564941406,478
1762238831375,813.6666564941406,462
1762238831392,823.6666564941406,447
1762238831408,825.6666564941406,438
1762238831425,821.6666564941406,430
1762238831442,815.6666564941406,428
1762238831458,809.6666564941406,428
1762238831475,799.6666564941406,432
1762238831492,790.6666564941406,439
1762238831509,781.6666564941406,451
1762238831525,778.6666564941406,459
1762238831542,778.6666564941406,462
1762238831559,782.6666564941406,465
1762238831575,787.6666564941406,465
1762238831592,792.6666564941406,465
1762238831609,794.6666564941406,463
1762238831625,795.6666564941406,460
1762238831642,795.6666564941406,459
1762238831659,793.6666564941406,458
1762238831675,791.6666564941406,457
1762238831680,789.6666564941406,455
1762238831709,789.6666564941406,455
1762238831725,787.6666564941406,459
1762238831742,785.6666564941406,467
1762238831759,783.6666564941406,477
1762238831776,782.6666564941406,491
1762238831792,787.6666564941406,513
1762238831809,790.6666564941406,523
1762238831826,799.6666564941406,552
1762238831842,805.6666564941406,571
1762238831859,809.6666564941406,585
1762238831876,811.6666564941406,594
1762238831893,811.6666564941406,599
1762238831910,810.6666564941406,599
1762238831960,809.6666564941406,599
1762238831978,808.6666564941406,599
1762238831994,807.6666564941406,599
1762238832011,805.6666564941406,599
1762238832026,804.6666564941406,599
1762238832043,802.6666564941406,599
1762238832059,801.6666564941406,599
1762238832076,799.6666564941406,599
1762238832093,798.6666564941406,598
1762238832110,797.6666564941406,598
1762238832126,796.6666564941406,597
1762238832143,795.6666564941406,597
1762238832162,795.6666564941406,599
-1,-1,-1
1762238817654,113.66665649414062,156
1762238817730,114.66665649414062,157
1762238817741,114.66665649414062,158
1762238817758,115.66665649414062,161
1762238817774,117.66665649414062,166
1762238817791,121.66665649414062,171
1762238817808,125.66665649414062,175
1762238817824,128.66665649414062,182
1762238817841,129.66665649414062,185
1762238817858,130.66665649414062,187
1762238817936,131.66665649414062,187
1762238817943,131.66665649414062,183
1762238817958,131.66665649414062,180
1762238817975,125.66665649414062,167
1762238817991,124.66665649414062,162
1762238818008,123.66665649414062,159
1762238818025,123.66665649414062,158
1762238818120,122.66665649414062,159
1762238818127,121.66665649414062,162
1762238818141,119.66665649414062,167
1762238818158,113.66665649414062,175
1762238818174,112.66665649414062,179
1762238818191,112.66665649414062,183
1762238818273,112.66665649414062,181
1762238818291,114.66665649414062,169
1762238818308,116.66665649414062,152
1762238818325,116.66665649414062,137
1762238818341,116.66665649414062,129
1762238818358,115.66665649414062,126
1762238818408,115.66665649414062,135
1762238818424,115.66665649414062,150
1762238818441,115.66665649414062,161
1762238818458,115.66665649414062,168
1762238818475,115.66665649414062,174
1762238818491,115.66665649414062,175
1762238818558,115.66665649414062,166
1762238818574,115.66665649414062,155
1762238818591,115.66665649414062,143
1762238818608,115.66665649414062,135
1762238818625,115.66665649414062,134
1762238818675,115.66665649414062,138
1762238818692,115.66665649414062,150
1762238818708,115.66665649414062,161
1762238818725,115.66665649414062,167
1762238818741,115.66665649414062,171
1762238818824,113.66665649414062,157
1762238818841,111.66665649414062,145
1762238818858,109.66665649414062,139
1762238818875,108.66665649414062,138
1762238818892,107.66665649414062,138
1762238818908,106.66665649414062,139
1762238818925,105.66665649414062,142
1762238818941,98.66665649414062,161
1762238818958,85.66665649414062,179
1762238818974,83.66665649414062,184
1762238818991,82.66665649414062,187
1762238819041,83.66665649414062,184
1762238819058,89.66665649414062,175
1762238819075,95.66665649414062,164
1762238819091,101.66665649414062,153
1762238819108,106.66665649414062,147
1762238819125,107.66665649414062,144
1762238819168,107.66665649414062,146
1762238819175,107.66665649414062,149
1762238819192,106.66665649414062,161
1762238819208,106.66665649414062,175
1762238819224,104.66665649414062,184
1762238819241,104.66665649414062,186
1762238819291,107.66665649414062,176
1762238819308,109.66665649414062,156
1762238819325,111.66665649414062,133
1762238819341,113.66665649414062,117
1762238819358,113.66665649414062,114
1762238819382,113.66665649414062,115
1762238819391,113.66665649414062,119
1762238819408,111.66665649414062,135
1762238819424,109.66665649414062,152
1762238819441,107.66665649414062,161
1762238819458,107.66665649414062,165
1762238819495,107.66665649414062,165
1762238819508,109.66665649414062,165
1762238819525,116.66665649414062,161
1762238819541,125.66665649414062,157
1762238819558,130.66665649414062,153
1762238819574,130.66665649414062,152
1762238819592,126.66665649414062,151
1762238819608,122.66665649414062,151
1762238819625,117.66665649414062,151
1762238819641,112.66665649414062,157
1762238819658,107.66665649414062,163
1762238819675,105.66665649414062,172
1762238819691,110.66665649414062,179
1762238819708,117.66665649414062,183
1762238819725,125.66665649414062,184
1762238819741,133.66665649414062,183
1762238819758,147.66665649414062,170
1762238819775,151.66665649414062,163
1762238819791,153.66665649414062,151
1762238819808,145.66665649414062,146
1762238819824,137.66665649414062,143
1762238819841,131.66665649414062,142
1762238819858,121.66665649414062,147
1762238819875,111.66665649414062,154
1762238819892,102.66665649414062,163
1762238819908,97.66665649414062,170
1762238819925,97.66665649414062,174
1762238819941,105.66665649414062,177
1762238819958,113.66665649414062,179
1762238819974,121.66665649414062,179
1762238819991,127.66665649414062,177
1762238820008,134.66665649414062,171
1762238820025,138.66665649414062,165
1762238820041,139.66665649414062,160
1762238820058,130.66665649414062,156
1762238820075,118.66665649414062,150
1762238820091,112.66665649414062,148
1762238820108,106.66665649414062,148
1762238820125,101.66665649414062,151
1762238820141,100.66665649414062,158
1762238820158,107.66665649414062,168
1762238820175,113.66665649414062,171
1762238820191,120.66665649414062,173
1762238820208,130.66665649414062,170
1762238820225,141.66665649414062,163
1762238820241,155.66665649414062,151
1762238820258,160.66665649414062,141
1762238820275,155.66665649414062,133
1762238820291,143.66665649414062,129
1762238820308,127.66665649414062,127
1762238820325,104.66665649414062,135
1762238820341,97.66665649414062,141
1762238820358,80.66665649414062,155
1762238820375,75.66665649414062,165
1762238820391,81.66665649414062,172
1762238820408,92.66665649414062,176
1762238820424,102.66665649414062,177
1762238820441,121.66665649414062,177
1762238820458,140.66665649414062,172
1762238820474,158.66665649414062,162
1762238820491,165.66665649414062,155
1762238820508,166.66665649414062,151
1762238820525,159.66665649414062,147
1762238820542,150.66665649414062,145
1762238820558,133.66665649414062,145
1762238820574,117.66665649414062,152
1762238820591,109.66665649414062,160
1762238820608,108.66665649414062,170
1762238820625,113.66665649414062,178
1762238820641,125.66665649414062,184
1762238820658,131.66665649414062,185
1762238820675,135.66665649414062,185
1762238820692,143.66665649414062,179
1762238820708,149.66665649414062,167
1762238820725,149.66665649414062,155
1762238820741,141.66665649414062,145
1762238820758,131.66665649414062,138
1762238820774,121.66665649414062,135
1762238820791,114.66665649414062,138
1762238820808,104.66665649414062,148
1762238820824,95.66665649414062,163
1762238820842,91.66665649414062,174
1762238820858,93.66665649414062,183
1762238820875,100.66665649414062,186
1762238820892,109.66665649414062,186
1762238820908,119.66665649414062,183
1762238820925,138.66665649414062,171
1762238820941,154.66665649414062,159
1762238820958,167.66665649414062,139
1762238820974,160.66665649414062,133
1762238820991,151.66665649414062,130
1762238821008,140.66665649414062,130
1762238821024,124.66665649414062,137
1762238821041,107.66665649414062,149
1762238821058,93.66665649414062,163
1762238821074,89.66665649414062,173
1762238821092,93.66665649414062,181
1762238821108,103.66665649414062,185
1762238821125,113.66665649414062,187
1762238821141,125.66665649414062,187
1762238821158,141.66665649414062,180
1762238821175,157.66665649414062,163
1762238821191,159.66665649414062,152
1762238821208,149.66665649414062,142
1762238821225,141.66665649414062,137
1762238821242,120.66665649414062,132
1762238821258,105.66665649414062,134
1762238821275,95.66665649414062,142
1762238821291,85.66665649414062,155
1762238821308,83.66665649414062,171
1762238821324,89.66665649414062,182
1762238821342,95.66665649414062,187
1762238821358,103.66665649414062,188
1762238821375,110.66665649414062,182
1762238821391,120.66665649414062,169
1762238821408,125.66665649414062,157
1762238821425,125.66665649414062,143
1762238821442,111.66665649414062,130
1762238821458,105.66665649414062,127
1762238821475,102.66665649414062,127
1762238821492,95.66665649414062,132
1762238821508,89.66665649414062,145
1762238821525,85.66665649414062,161
1762238821541,85.66665649414062,173
1762238821558,92.66665649414062,182
1762238821575,102.66665649414062,187
1762238821591,110.66665649414062,187
1762238821608,126.66665649414062,181
1762238821625,145.66665649414062,169
1762238821641,155.66665649414062,159
1762238821658,157.66665649414062,153
1762238821675,150.66665649414062,148
1762238821691,141.66665649414062,145
1762238821708,129.66665649414062,145
1762238821725,115.66665649414062,148
1762238821741,101.66665649414062,156
1762238821758,89.66665649414062,172
1762238821775,91.66665649414062,183
1762238821791,101.66665649414062,191
1762238821808,117.66665649414062,195
1762238821824,128.66665649414062,196
1762238821841,145.66665649414062,191
1762238821858,161.66665649414062,182
1762238821875,167.66665649414062,176
1762238821892,167.66665649414062,161
1762238821908,160.66665649414062,154
1762238821925,134.66665649414062,139
1762238821941,121.66665649414062,137
1762238821958,101.66665649414062,141
1762238821974,87.66665649414062,149
1762238821991,73.66665649414062,161
1762238822008,62.666656494140625,174
1762238822025,59.666656494140625,181
1762238822041,61.666656494140625,185
1762238822058,69.66665649414062,187
1762238822075,73.66665649414062,187
1762238822091,80.66665649414062,186
1762238822108,90.66665649414062,179
1762238822125,102.66665649414062,168
1762238822141,107.66665649414062,160
1762238822158,105.66665649414062,152
1762238822175,97.66665649414062,148
1762238822191,93.66665649414062,147
1762238822208,91.66665649414062,147
1762238822224,84.66665649414062,151
1762238822241,79.66665649414062,161
1762238822258,78.66665649414062,166
1762238822275,85.66665649414062,175
1762238822292,97.66665649414062,181
1762238822308,107.66665649414062,183
1762238822325,122.66665649414062,184
1762238822342,143.66665649414062,177
1762238822358,159.66665649414062,168
1762238822375,163.66665649414062,161
1762238822391,155.66665649414062,150
1762238822408,141.66665649414062,145
1762238822425,131.66665649414062,143
1762238822441,120.66665649414062,143
1762238822458,109.66665649414062,147
1762238822474,100.66665649414062,159
1762238822491,97.66665649414062,171
1762238822508,99.66665649414062,181
1762238822525,111.66665649414062,188
1762238822541,118.66665649414062,191
1762238822558,131.66665649414062,191
1762238822574,156.66665649414062,179
1762238822591,168.66665649414062,169
1762238822608,171.66665649414062,161
1762238822625,167.66665649414062,156
1762238822641,154.66665649414062,152
1762238822658,141.66665649414062,150
1762238822675,126.66665649414062,151
1762238822691,103.66665649414062,164
1762238822708,84.66665649414062,177
1762238822725,73.66665649414062,193
1762238822742,73.66665649414062,207
1762238822758,89.66665649414062,218
1762238822775,95.66665649414062,220
1762238822791,103.66665649414062,221
1762238822808,115.66665649414062,213
1762238822825,127.66665649414062,203
1762238822841,131.66665649414062,193
1762238822858,130.66665649414062,187
1762238822874,121.66665649414062,180
1762238822891,113.66665649414062,177
1762238822908,107.66665649414062,177
1762238822925,97.66665649414062,183
1762238822941,87.66665649414062,199
1762238822958,86.66665649414062,226
1762238822975,91.66665649414062,239
1762238822991,102.66665649414062,247
1762238823008,111.66665649414062,249
1762238823025,122.66665649414062,246
1762238823042,137.66665649414062,233
1762238823058,149.66665649414062,219
1762238823075,153.66665649414062,205
1762238823092,147.66665649414062,195
1762238823109,139.66665649414062,191
1762238823125,127.66665649414062,190
1762238823141,115.66665649414062,192
1762238823158,101.66665649414062,201
1762238823175,82.66665649414062,218
1762238823191,79.66665649414062,227
1762238823208,83.66665649414062,234
1762238823225,97.66665649414062,238
1762238823241,107.66665649414062,239
1762238823259,127.66665649414062,236
1762238823275,147.66665649414062,225
1762238823291,159.66665649414062,214
1762238823308,163.66665649414062,203
1762238823325,157.66665649414062,197
1762238823341,148.66665649414062,192
1762238823358,139.66665649414062,189
1762238823375,124.66665649414062,189
1762238823391,115.66665649414062,195
1762238823408,106.66665649414062,204
1762238823425,105.66665649414062,210
1762238823441,111.66665649414062,217
1762238823458,120.66665649414062,221
1762238823475,127.66665649414062,222
1762238823491,134.66665649414062,221
1762238823509,143.66665649414062,214
1762238823525,150.66665649414062,206
1762238823541,153.66665649414062,197
1762238823558,145.66665649414062,187
1762238823575,130.66665649414062,181
1762238823591,125.66665649414062,179
1762238823608,120.66665649414062,181
1762238823625,114.66665649414062,189
1762238823641,107.66665649414062,201
1762238823658,105.66665649414062,209
1762238823675,109.66665649414062,215
1762238823691,121.66665649414062,221
1762238823708,128.66665649414062,222
1762238823725,138.66665649414062,221
1762238823741,147.66665649414062,215
1762238823758,156.66665649414062,201
1762238823775,151.66665649414062,190
1762238823791,136.66665649414062,182
1762238823808,125.66665649414062,179
1762238823825,113.66665649414062,178
1762238823841,97.66665649414062,181
1762238823858,81.66665649414062,188
1762238823875,67.66665649414062,198
1762238823892,61.666656494140625,206
1762238823908,62.666656494140625,211
1762238823925,77.66665649414062,215
1762238823941,89.66665649414062,219
1762238823958,101.66665649414062,219
1762238823975,121.66665649414062,209
1762238823991,131.66665649414062,200
1762238824008,133.66665649414062,193
1762238824025,128.66665649414062,189
1762238824041,122.66665649414062,187
1762238824058,114.66665649414062,187
1762238824075,104.66665649414062,192
1762238824092,96.66665649414062,199
1762238824109,89.66665649414062,208
1762238824125,89.66665649414062,213
1762238824141,99.66665649414062,218
1762238824158,113.66665649414062,220
1762238824175,119.66665649414062,219
1762238824191,134.66665649414062,211
1762238824208,137.66665649414062,209
1762238824225,145.66665649414062,197
1762238824241,145.66665649414062,195
1762238824258,138.66665649414062,193
1762238824275,133.66665649414062,192
1762238824291,129.66665649414062,192
1762238824308,121.66665649414062,197
1762238824325,116.66665649414062,202
1762238824341,113.66665649414062,210
1762238824358,118.66665649414062,215
1762238824375,127.66665649414062,218
1762238824391,133.66665649414062,219
1762238824408,139.66665649414062,219
1762238824425,147.66665649414062,213
1762238824441,153.66665649414062,203
1762238824458,153.66665649414062,199
1762238824474,142.66665649414062,191
1762238824492,133.66665649414062,188
1762238824508,123.66665649414062,186
1762238824525,107.66665649414062,192
1762238824541,95.66665649414062,199
1762238824558,89.66665649414062,211
1762238824575,95.66665649414062,219
1762238824591,111.66665649414062,224
1762238824608,129.66665649414062,226
1762238824625,156.66665649414062,225
1762238824641,177.66665649414062,218
1762238824658,182.66665649414062,213
1762238824675,178.66665649414062,209
1762238824691,161.66665649414062,205
1762238824708,144.66665649414062,203
1762238824725,123.66665649414062,204
1762238824741,103.66665649414062,211
1762238824758,91.66665649414062,219
1762238824775,89.66665649414062,222
1762238824792,95.66665649414062,227
1762238824808,103.66665649414062,228
1762238824825,117.66665649414062,230
1762238824841,136.66665649414062,229
1762238824858,161.66665649414062,222
1762238824875,170.66665649414062,219
1762238824892,167.66665649414062,217
1762238824908,147.66665649414062,214
1762238824925,115.66665649414062,213
1762238824941,85.66665649414062,216
1762238824959,69.66665649414062,219
1762238824975,67.66665649414062,220
1762238824991,72.66665649414062,221
1762238825008,81.66665649414062,223
1762238825025,89.66665649414062,223
1762238825041,95.66665649414062,224
1762238825058,97.66665649414062,224
1762238825108,96.66665649414062,224
1762238825125,95.66665649414062,224
1762238828145,765.6666564941406,442
1762238828159,767.6666564941406,448
1762238828175,770.6666564941406,459
1762238828192,772.6666564941406,469
1762238828209,774.6666564941406,477
1762238828225,775.6666564941406,480
1762238828242,776.6666564941406,481
1762238828292,777.6666564941406,480
1762238828308,777.6666564941406,471
1762238828326,777.6666564941406,457
1762238828342,774.6666564941406,443
1762238828359,771.6666564941406,434
1762238828375,770.6666564941406,433
1762238828441,770.6666564941406,437
1762238828459,770.6666564941406,447
1762238828475,768.6666564941406,459
1762238828492,766.6666564941406,467
1762238828508,765.6666564941406,469
1762238828543,765.6666564941406,467
1762238828558,765.6666564941406,463
1762238828575,761.6666564941406,438
1762238828592,757.6666564941406,420
1762238828609,755.6666564941406,408
1762238828625,755.6666564941406,403
1762238828642,755.6666564941406,401
1762238828692,755.6666564941406,403
1762238828708,755.6666564941406,410
1762238828725,755.6666564941406,426
1762238828742,756.6666564941406,441
1762238828759,757.6666564941406,453
1762238828775,757.6666564941406,457
1762238828825,759.6666564941406,453
1762238828842,759.6666564941406,438
1762238828858,756.6666564941406,419
1762238828875,752.6666564941406,405
1762238828892,751.6666564941406,399
1762238828942,751.6666564941406,412
1762238828959,752.6666564941406,435
1762238828975,753.6666564941406,460
1762238828992,754.6666564941406,481
1762238829032,754.6666564941406,476
1762238829042,754.6666564941406,467
1762238829058,754.6666564941406,454
1762238829075,754.6666564941406,442
1762238829092,754.6666564941406,439
1762238829142,754.6666564941406,439
1762238829158,757.6666564941406,463
1762238829175,760.6666564941406,482
1762238829192,764.6666564941406,500
1762238829208,765.6666564941406,504
1762238829225,767.6666564941406,507
1762238829242,769.6666564941406,506
1762238829258,774.6666564941406,491
1762238829275,782.6666564941406,468
1762238829292,791.6666564941406,445
1762238829308,796.6666564941406,428
1762238829325,801.6666564941406,415
1762238829342,803.6666564941406,411
1762238829367,803.6666564941406,414
1762238829377,806.6666564941406,423
1762238829392,808.6666564941406,443
1762238829409,809.6666564941406,463
1762238829425,809.6666564941406,480
1762238829442,809.6666564941406,485
1762238829492,809.6666564941406,479
1762238829508,809.6666564941406,467
1762238829525,809.6666564941406,447
1762238829542,809.6666564941406,433
1762238829558,809.6666564941406,429
1762238829591,809.6666564941406,431
1762238829608,809.6666564941406,441
1762238829625,807.6666564941406,461
1762238829642,799.6666564941406,484
1762238829659,791.6666564941406,503
1762238829675,788.6666564941406,509
1762238829692,787.6666564941406,510
1762238829708,788.6666564941406,508
1762238829725,797.6666564941406,476
1762238829742,814.6666564941406,426
1762238829759,842.6666564941406,359
1762238829775,859.6666564941406,331
1762238829792,861.6666564941406,327
1762238829842,856.6666564941406,339
1762238829859,843.6666564941406,365
1762238829876,819.6666564941406,405
1762238829892,793.6666564941406,447
1762238829909,763.6666564941406,496
1762238829926,743.6666564941406,533
1762238829942,737.6666564941406,548
1762238829958,737.6666564941406,549
1762238829975,741.6666564941406,549
1762238829991,759.6666564941406,502
1762238830008,768.6666564941406,452
1762238830025,775.6666564941406,393
1762238830042,776.6666564941406,361
1762238830059,777.6666564941406,352
1762238830088,775.6666564941406,357
1762238830109,773.6666564941406,381
1762238830125,771.6666564941406,406
1762238830142,770.6666564941406,418
1762238830158,770.6666564941406,435
1762238830184,770.6666564941406,435
1762238830191,770.6666564941406,430
1762238830208,771.6666564941406,406
1762238830225,776.6666564941406,381
1762238830242,779.6666564941406,363
1762238830258,782.6666564941406,351
1762238830275,783.6666564941406,349
1762238830309,783.6666564941406,354
1762238830325,783.6666564941406,371
1762238830342,785.6666564941406,392
1762238830359,789.6666564941406,408
1762238830375,796.6666564941406,421
1762238830392,799.6666564941406,421
1762238830408,799.6666564941406,421
1762238830425,802.6666564941406,421
1762238830442,805.6666564941406,413
1762238830459,805.6666564941406,407
1762238830475,806.6666564941406,403
1762238830492,805.6666564941406,400
1762238830508,801.6666564941406,399
1762238830525,797.6666564941406,399
1762238830542,795.6666564941406,399
1762238830559,787.6666564941406,410
1762238830575,775.6666564941406,433
1762238830592,773.6666564941406,444
1762238830608,773.6666564941406,447
1762238830625,777.6666564941406,449
1762238830641,781.6666564941406,449
1762238830658,783.6666564941406,449
1762238830675,790.6666564941406,444
1762238830692,797.6666564941406,437
1762238830708,806.6666564941406,427
1762238830725,809.6666564941406,423
1762238830742,806.6666564941406,414
1762238830759,795.6666564941406,408
1762238830775,774.6666564941406,405
1762238830792,755.6666564941406,409
1762238830808,742.6666564941406,420
1762238830825,735.6666564941406,438
1762238830842,737.6666564941406,451
1762238830859,746.6666564941406,457
1762238830875,755.6666564941406,459
1762238830892,766.6666564941406,456
1762238830908,777.6666564941406,446
1762238830925,790.6666564941406,431
1762238830942,799.6666564941406,415
1762238830958,800.6666564941406,407
1762238830975,796.6666564941406,401
1762238830992,793.6666564941406,400
1762238831008,788.6666564941406,402
1762238831025,779.6666564941406,414
1762238831042,774.6666564941406,431
1762238831058,774.6666564941406,445
1762238831075,780.6666564941406,453
1762238831092,790.6666564941406,457
1762238831109,795.6666564941406,459
1762238831125,799.6666564941406,459
1762238831142,809.6666564941406,451
1762238831159,814.6666564941406,442
1762238831175,817.6666564941406,430
1762238831192,814.6666564941406,426
1762238831208,807.6666564941406,424
1762238831225,801.6666564941406,424
1762238831242,795.6666564941406,427
1762238831259,785.6666564941406,437
1762238831275,780.6666564941406,452
1762238831292,779.6666564941406,467
1762238831308,785.6666564941406,477
1762238831326,791.6666564941406,480
1762238831342,796.6666564941406,481
1762238831359,801.6666564941406,478
1762238831375,813.6666564941406,462
1762238831392,823.6666564941406,447
1762238831408,825.6666564941406,438
1762238831425,821.6666564941406,430
1762238831442,815.6666564941406,428
1762238831458,809.6666564941406,428
1762238831475,799.6666564941406,432
1762238831492,790.6666564941406,439
1762238831509,781.6666564941406,451
1762238831525,778.6666564941406,459
1762238831542,778.6666564941406,462
1762238831559,782.6666564941406,465
1762238831575,787.6666564941406,465
1762238831592,792.6666564941406,465
1762238831609,794.6666564941406,463
1762238831625,795.6666564941406,460
1762238831642,795.6666564941406,459
1762238831659,793.6666564941406,458
1762238831675,791.6666564941406,457
1762238831680,789.6666564941406,455
-1,-1,-1
1762238817654,,
1762238828145,,
-1,-1,-1
1762238825373,,
1762238831682,,
