1762255394538,93,573
1762255394555,109,481
1762255394571,127,374
1762255394588,138,326
1762255394605,155,265
1762255394622,170,215
1762255394638,177,197
1762255394655,184,181
1762255394671,188,171
1762255394688,190,166
1762255394704,191,162
1762255394721,194,155
1762255394738,198,145
1762255394755,200,142
1762255394771,200,140
1762255395127,198,135
1762255395138,195,132
1762255395154,190,123
1762255395170,185,116
1762255395187,181,108
1762255395204,175,96
1762255395221,167,91
1762255395237,164,86
1762255395254,162,82
1762255395271,159,80
1762255395287,157,79
1762255395304,153,75
1762255395321,151,73
1762255395337,147,69
1762255395354,145,68
1762255395370,141,64
1762255395387,139,63
1762255395404,138,62
1762255395480,137,62
1762255395521,134,61
1762255395537,133,61
1762255395553,132,60
1762255395570,130,57
1762255395587,127,57
1762255395603,126,57
1762255395620,123,56
1762255395637,121,56
1762255395654,120,55
1762255395759,119,54
1762255395862,118,54
1762255395958,117,53
1762255395970,116,52
1762255395986,113,49
1762255396003,108,45
1762255396020,107,45
1762255396037,107,44
1762255396053,106,44
1762255396157,105,44
1762255396179,105,43
1762255397098,104,42
1762255397135,103,42
1762255397186,102,42
1762255397275,100,42
1762255397496,98,42
1762255397789,97,42
1762255397974,96,42
1762255398091,96,43
1762255398135,96,44
1762255398274,96,46
1762255399202,97,46
1762255399217,98,46
1762255399234,99,46
1762255399251,99,47
1762255399283,100,47
1762255399304,102,47
1762255399350,104,47
1762255399400,106,47
1762255399417,107,47
1762255399434,109,47
1762255399450,110,47
1762255399467,111,47
1762255399483,112,47
1762255399501,113,47
1762255399517,114,47
1762255399533,115,47
1762255399550,118,47
1762255399567,119,47
1762255399592,120,47
1762255399614,121,47
1762255399650,122,47
1762255399673,124,47
1762255399717,125,47
1762255399734,126,47
1762255399783,127,47
1762255399801,128,47
1762255399850,132,47
1762255399867,133,47
1762255399883,134,47
1762255399900,135,47
1762255399916,136,47
1762255399934,137,47
1762255399952,138,47
1762255399967,140,47
1762255399983,142,47
1762255400000,143,47
1762255400050,144,47
1762255400357,144,45
1762255400379,144,44
1762255400433,144,43
1762255400450,144,42
1762255400466,144,41
1762255400483,143,40
1762255400504,141,39
1762255400518,139,37
1762255400533,138,35
1762255400549,138,34
1762255400566,137,34
1762255400584,136,33
1762255400599,136,31
1762255400616,135,30
1762255400636,135,29
1762255400696,134,28
1762255400762,132,27
1762255400835,132,26
1762255400849,131,26
1762255400917,129,23
1762255400945,128,22
1762255400961,126,21
1762255400967,125,21
1762255401016,124,20
1762255401041,123,19
1762255401064,122,19
1762255401082,121,19
1762255401100,120,19
1762255401122,118,18
1762255401144,116,18
1762255401158,115,18
1762255401181,114,18
1762255401211,113,18
1762255401217,112,18
1762255401233,110,18
1762255401250,109,18
1762255401266,108,18
1762255401282,107,18
1762255401299,103,18
1762255401315,102,18
1762255401332,101,18
1762255401350,100,18
1762255401365,99,18
1762255401382,98,18
1762255401399,97,18
1762255401415,95,19
1762255401445,94,19
1762255401542,93,20
1762255401548,92,21
1762255401565,91,22
1762255401615,91,25
1762255401632,91,26
1762255401648,91,27
1762255401681,90,28
1762255401703,90,29
1762255401748,90,30
1762255401800,90,31
1762255401858,90,33
1762255401917,90,34
1762255401932,90,36
1762255401998,90,37
1762255402015,90,38
1762255402032,90,40
1762255402082,91,41
1762255402098,92,41
1762255402115,94,42
1762255402131,96,42
1762255402152,97,43
1762255402165,98,43
1762255402182,99,43
1762255402203,100,43
1762255402226,101,43
1762255402265,102,43
1762255402292,104,43
1762255402332,106,43
1762255402348,107,43
1762255402398,108,43
1762255402415,109,43
1762255402432,111,43
1762255402448,112,43
1762255402465,113,43
1762255402481,114,43
1762255402498,115,43
1762255402527,117,43
1762255402542,119,43
1762255402581,121,43
1762255402601,122,43
1762255402616,123,43
1762255402631,124,43
1762255402648,125,43
1762255402705,127,43
1762255402726,128,43
1762255402874,130,43
1762255402932,131,42
1762255402947,131,41
1762255402964,131,39
1762255402981,131,37
1762255403006,131,35
1762255403014,131,34
1762255403031,131,32
1762255403048,131,31
1762255403064,129,30
1762255403081,128,29
1762255403101,126,29
1762255403116,125,28
1762255403145,124,27
1762255403164,123,27
1762255403197,122,27
1762255403247,121,27
1762255403359,120,27
1762255403397,118,27
1762255403414,116,27
1762255403431,115,27
1762255403454,114,27
1762255403543,113,27
1762255403558,113,28
1762255403614,111,30
1762255403705,110,31
1762255403727,110,32
1762255403808,110,34
1762255403866,110,36
1762255403880,110,37
1762255403897,110,38
1762255403925,110,39
1762255403940,110,41
1762255403955,110,42
1762255403977,112,43
1762255404006,113,43
1762255404021,114,43
1762255404043,115,44
1762255404183,117,44
1762255404198,119,44
1762255404226,120,44
1762255404485,120,43
1762255404496,121,42
1762255404528,122,40
1762255404579,122,39
1762255404596,123,37
1762255404613,124,33
1762255404630,124,32
1762255404654,125,31
1762255404662,125,30
1762255404911,124,30
1762255404930,122,30
1762255404946,121,30
1762255404992,120,30
1762255404999,118,30
1762255405021,116,30
1762255405029,115,30
1762255405046,113,30
1762255405062,111,30
1762255405079,110,30
1762255405096,109,30
1762255405116,108,30
1762255405139,107,30
1762255405161,104,30
1762255405179,103,30
1762255405196,102,30
1762255405212,101,30
1762255405229,100,30
1762255405246,99,30
1762255405262,98,30
1762255405279,97,30
1762255405308,95,30
1762255405345,94,30
1762255405552,94,29
1762255405595,94,28
1762255405624,94,27
1762255405662,97,27
1762255405678,98,27
1762255405705,99,27
1762255405762,101,27
1762255405794,102,27
1762255405816,103,27
1762255405829,103,28
1762255405845,106,29
1762255405862,106,30
1762255405979,106,31
1762255406028,107,31
1762255406045,107,33
1762255406073,107,34
1762255406162,108,34
1762255406184,109,34
1762255406198,111,34
1762255406245,112,34
1762255406262,113,34
1762255406278,114,34
1762255406294,118,32
1762255406311,119,30
1762255406328,120,28
1762255406344,121,27
1762255406368,122,26
1762255406390,123,23
1762255406397,123,22
1762255406426,125,21
1762255406500,126,20
1762255406515,126,18
1762255406528,127,18
1762255406544,127,17
1762255406736,128,17
1762255406854,130,17
1762255406875,131,17
1762255406927,131,20
1762255406944,131,21
1762255406971,129,22
1762255406978,127,25
1762255406994,126,26
1762255407011,125,27
1762255407028,124,28
1762255407044,123,29
1762255407067,122,31
1762255407089,121,32
1762255407095,121,33
1762255407110,120,34
1762255407127,120,36
1762255407251,118,38
1762255407260,118,39
1762255407280,118,40
1762255407294,118,41
1762255407324,116,41
1762255407344,116,42
1762255407361,116,43
1762255407390,116,44
1762255407410,115,45
1762255407427,114,49
1762255407538,114,50
1762255407560,114,51
1762255407582,114,52
1762255407604,114,53
1762255407685,114,55
1762255407699,114,57
1762255407744,114,58
1762255407793,114,59
1762255407943,114,60
1762255408010,114,62
1762255408097,114,63
1762255408111,114,64
1762255408160,114,65
1762255408177,114,66
1762255408229,114,69
1762255408244,114,70
1762255408259,114,71
1762255408576,115,71
1762255408685,115,70
1762255408692,118,67
1762255408709,118,66
1762255408726,118,65
1762255408743,118,64
1762255408793,118,61
1762255408842,118,60
1762255408859,118,59
1762255408876,118,58
1762255408928,118,55
1762255408949,119,54
1762255408959,119,53
1762255408976,119,52
1762255409083,119,51
1762255409092,119,50
1762255409109,119,49
1762255409407,116,49
1762255409428,115,50
1762255409442,115,51
1762255409458,115,53
1762255409475,114,54
1762255409492,114,57
1762255409543,114,58
1762255409559,114,59
1762255409575,114,60
1762255409592,113,61
1762255409612,113,63
1762255409686,113,64
1762255409693,113,65
1762255409745,113,66
1762255409792,113,68
1762255409809,113,70
1762255409825,113,71
1762255409855,113,72
1762255409908,113,73
1762255409925,113,74
1762255409941,113,75
1762255410010,113,76
1762255410083,113,77
1762255410276,113,77
1762255410701,113,79
1762255410708,113,80
1762255410724,113,82
1762255410742,113,84
1762255410758,113,87
1762255410775,113,91
1762255410791,111,95
1762255410808,111,98
1762255410824,111,102
1762255410843,111,106
1762255410858,111,107
1762255411076,110,107
1762255411091,110,108
1762255411108,109,108
1762255411124,108,108
1762255411342,107,109
1762255411358,107,113
1762255411374,106,115
1762255411392,106,118
1762255411407,104,125
1762255411424,104,128
1762255411441,104,131
1762255411457,104,133
1762255411474,104,138
1762255411491,104,141
1762255411507,104,145
1762255411524,104,151
1762255411540,104,157
1762255411558,104,162
1762255411574,104,166
1762255411590,104,170
1762255411607,105,184
1762255411981,105,182
1762255411990,105,181
1762255412008,105,179
1762255412023,105,177
1762255412040,105,176
1762255412057,105,173
1762255412074,105,171
1762255412090,106,170
1762255412107,107,170
1762255412124,109,167
1762255412142,110,165
1762255412157,112,164
1762255412174,112,162
1762255412193,113,162
1762255412240,113,159
1762255412257,117,156
1762255412273,120,147
1762255412290,124,140
1762255412306,124,135
1762255412324,124,132
1762255412340,124,127
1762255412356,124,120
1762255412374,124,118
1762255412390,124,117
1762255412407,124,116
1762255412540,124,115
1762255412680,124,113
1762255412690,123,113
1762255412706,121,112
1762255412723,119,110
1762255412740,115,110
1762255412757,114,110
1762255414026,113,110
1762255414071,112,110
1762255414121,111,111
1762255414151,109,112
1762255414188,109,113
1762255414205,108,114
1762255414222,107,117
1762255414238,106,117
1762255414254,105,119
1762255414272,102,123
1762255414288,101,125
1762255414304,99,127
1762255414321,95,131
1762255414338,94,134
1762255414355,93,134
1762255414405,93,136
1762255414511,93,137
1762255414521,93,138
1762255414540,93,139
1762255414554,94,139
1762255414571,98,140
1762255414588,100,141
1762255414604,105,141
1762255414621,107,141
1762255414637,111,141
1762255414655,113,141
1762255414671,115,141
1762255414687,116,141
1762255414704,119,142
1762255414721,120,142
1762255414738,121,142
1762255414754,122,142
1762255414820,124,142
1762255414887,127,142
1762255414904,128,142
1762255414921,128,141
1762255414937,128,139
1762255414954,128,135
1762255414971,130,130
1762255414987,130,128
1762255415004,130,125
1762255415021,130,124
1762255415048,130,122
1762255415055,130,120
1762255415070,130,119
1762255415087,130,117
1762255415104,130,115
1762255415165,130,114
1762255415187,129,114
1762255415204,126,114
1762255415221,122,114
1762255415238,120,114
1762255415254,117,114
1762255415270,116,114
1762255415287,115,114
1762255415304,114,114
1762255415321,113,114
1762255415337,112,114
1762255415354,111,117
1762255415371,111,119
1762255415387,109,121
1762255415416,109,123
1762255415445,109,124
1762255415460,109,125
1762255415482,109,126
1762255415504,109,128
1762255415520,109,129
1762255415537,109,131
1762255415555,109,133
1762255415570,109,134
1762255415587,109,136
1762255415604,110,136
1762255415622,111,138
1762255415637,112,138
1762255415653,113,138
1762255415670,115,138
1762255415695,116,138
1762255415769,117,138
1762255415813,119,138
1762255415854,120,138
1762255415998,120,137
1762255416020,120,135
1762255416037,120,134
1762255416053,120,130
1762255416070,120,128
1762255416100,120,127
1762255416120,120,126
1762255416144,120,125
1762255416159,120,124
1762255416169,120,122
1762255416292,118,122
1762255416306,117,122
1762255416320,116,123
1762255416336,115,124
1762255416353,114,125
1762255416370,114,126
1762255416386,114,127
1762255416403,113,128
1762255416431,112,128
1762255416453,112,129
1762255416469,112,131
1762255416486,112,133
1762255416503,112,134
1762255416527,112,135
1762255416536,112,136
1762255416608,112,138
1762255416622,112,139
1762255416636,112,140
1762255416652,114,142
1762255416669,116,145
1762255416686,119,145
1762255416702,121,145
1762255416719,125,145
1762255416736,126,145
1762255416754,127,145
1762255416777,128,145
1762255416819,129,145
1762255416836,130,143
1762255416853,132,141
1762255416869,133,137
1762255416886,133,135
1762255416936,133,131
1762255416952,133,130
1762255416969,133,128
1762255416986,133,126
1762255417002,131,123
1762255417019,130,120
1762255417035,130,119
1762255417052,130,117
1762255417069,129,116
1762255417085,128,115
1762255417103,128,113
1762255417130,127,113
1762255417152,126,112
1762255417169,122,111
1762255417186,120,109
1762255417202,119,109
1762255417218,115,109
1762255417235,114,109
1762255417262,113,109
1762255417277,112,109
1762255417285,111,109
1762255417302,110,111
1762255417319,107,113
1762255417335,107,115
1762255417352,106,119
1762255417402,106,121
1762255417419,106,123
1762255417435,106,124
1762255417461,106,126
1762255417483,106,127
1762255417502,106,129
1762255417572,106,130
1762255417586,106,133
1762255417616,106,134
1762255417635,106,135
1762255417652,106,137
1762255417675,106,138
1762255417685,106,139
1762255417702,107,141
1762255417718,110,142
1762255417735,112,144
1762255417752,114,144
1762255417769,117,145
1762255417785,119,145
1762255417802,122,145
1762255417829,125,145
1762255417836,126,145
1762255417885,128,145
1762255417902,129,145
1762255417918,130,145
1762255417946,132,143
1762255417969,133,140
1762255417985,133,138
1762255418002,133,135
1762255418018,133,133
1762255418035,133,130
1762255418051,133,126
1762255418068,133,124
1762255418085,133,122
1762255418101,132,117
1762255418118,132,115
1762255418135,132,113
1762255418151,131,112
1762255418205,129,111
1762255418219,128,110
1762255418234,126,109
1762255418251,122,109
1762255418268,120,109
1762255418284,119,109
1762255418301,116,109
1762255418322,114,109
1762255418335,113,109
1762255418351,112,109
1762255418368,111,109
1762255418388,110,109
1762255418417,109,109
1762255418435,108,109
1762255418491,106,110
1762255418506,105,110
1762255418517,105,111
1762255418534,103,114
1762255418551,102,116
1762255418568,102,117
1762255418584,101,118
1762255418601,101,121
1762255418618,101,122
1762255418638,101,123
1762255418661,101,124
1762255418668,101,125
1762255418717,101,126
1762255418786,101,127
1762255418801,101,129
1762255418851,101,130
1762255418873,101,132
1762255418896,101,133
1762255418918,101,134
1762255418934,101,136
1762255418951,101,137
1762255418967,101,138
1762255418984,101,139
1762255419001,101,140
1762255419017,101,141
1762255419034,101,145
1762255419051,101,146
1762255419067,101,147
1762255419084,101,148
1762255419100,101,149
1762255419117,101,150
1762255419134,102,152
1762255419151,105,152
1762255419167,108,153
1762255419184,111,153
1762255419201,113,153
1762255419217,116,153
1762255419234,118,153
1762255419251,119,153
1762255419268,120,153
1762255419284,121,153
1762255419300,125,153
1762255419317,126,153
1762255419334,127,151
1762255419384,128,151
1762255419401,129,150
1762255419417,129,149
1762255419440,131,148
1762255419455,132,147
1762255419467,132,146
1762255419483,133,145
1762255419500,133,141
1762255419517,134,139
1762255419534,134,137
1762255419550,134,134
1762255419567,134,131
1762255419584,134,130
1762255419600,134,127
1762255419617,134,125
1762255419633,134,119
1762255419650,134,117
1762255419667,134,116
1762255419683,134,114
1762255419700,134,112
1762255419717,133,110
1762255419733,133,109
1762255419750,133,108
1762255419771,132,106
1762255419783,130,105
1762255419800,128,105
1762255419816,123,105
1762255419834,121,105
1762255419850,119,105
1762255419867,117,105
1762255419884,114,105
1762255419903,113,105
1762255419917,112,105
1762255419933,111,105
1762255419962,110,107
1762255419984,109,108
1762255420000,108,109
1762255420017,106,109
1762255420043,106,110
1762255420066,105,110
1762255420083,105,111
1762255420109,103,111
1762255420116,103,112
1762255420133,102,113
1762255420166,99,116
1762255420183,99,117
1762255420200,98,117
1762255420249,98,118
1762255420266,97,120
1762255420316,96,123
1762255420333,95,124
1762255420383,94,125
1762255420400,94,126
1762255420418,94,127
1762255420448,94,128
1762255420466,91,128
1762255420483,91,129
1762255420499,91,132
1762255420516,91,133
1762255420536,91,134
1762255420551,91,135
1762255420566,91,136
1762255420583,91,138
1762255420599,91,139
1762255420616,91,140
1762255420632,91,143
1762255420650,91,145
1762255420666,91,146
1762255420683,91,147
1762255420733,91,148
1762255420749,91,149
1762255420766,91,151
1762255420783,91,152
1762255420800,91,154
1762255420816,91,156
1762255420838,93,157
1762255420849,93,159
1762255420866,93,161
1762255421544,92,161
1762255421565,91,160
1762255421582,89,160
1762255421800,89,160
1762255422324,88,161
1762255422331,87,162
1762255422348,87,164
1762255422365,87,167
1762255422382,87,168
1762255422509,86,170
1762255422612,86,172
1762255422626,86,173
1762255422670,86,174
1762255422715,86,175
1762255422765,85,176
1762255422781,85,177
1762255422802,84,178
1762255422824,84,179
1762255422866,84,182
1762255422882,84,183
1762255422898,82,184
1762255422920,82,185
1762255423464,84,185
1762255423480,86,185
1762255423497,88,184
1762255423513,91,184
1762255423530,96,182
1762255423547,98,182
1762255423564,100,180
1762255423580,102,180
1762255423597,105,179
1762255423613,107,179
1762255423630,108,179
1762255423647,111,177
1762255423663,113,174
1762255423680,117,173
1762255423697,118,173
1762255423729,119,173
1762255423751,119,172
1762255423773,120,171
1762255423839,121,170
1762255423927,121,169
1762255423935,121,167
1762255423963,120,166
1762255423979,118,166
1762255423997,115,166
1762255424015,114,166
1762255424030,113,166
1762255424047,111,166
1762255424063,109,166
1762255424080,107,166
1762255424096,106,166
1762255424113,103,166
1762255424130,101,166
1762255424237,100,166
1762255424310,99,166
1762255424331,98,166
1762255424379,97,168
1762255424396,97,170
1762255424413,95,172
1762255424429,92,176
1762255424447,91,178
1762255424463,91,180
1762255424513,90,182
1762255424538,90,183
1762255424563,90,184
1762255424759,90,183
1762255424779,90,181
1762255424796,91,179
1762255424813,95,178
1762255424829,97,174
1762255424846,99,172
1762255424862,103,170
1762255424879,106,169
1762255424896,109,166
1762255424912,110,166
1762255424943,110,165
1762255424963,111,163
1762255424979,112,161
1762255425029,112,160
1762255425083,113,159
1762255425095,113,158
1762255425245,112,158
1762255425262,110,158
1762255425279,107,158
1762255425295,104,158
1762255425312,100,158
1762255425329,98,158
1762255425345,97,158
1762255425379,96,159
1762255425395,95,160
1762255425413,92,160
1762255425462,91,162
1762255425494,90,162
1762255425560,90,164
1762255425595,88,166
1762255425645,88,167
1762255425662,88,169
1762255425678,87,171
1762255425695,87,173
1762255425712,87,177
1762255425728,87,179
1762255425796,87,180
1762255425811,87,182
1762255425828,87,183
1762255426039,87,182
1762255426061,87,181
1762255426078,89,179
1762255426095,91,177
1762255426111,94,177
1762255426128,96,173
1762255426144,99,172
1762255426161,100,172
1762255426178,101,170
1762255426195,105,169
1762255426211,108,168
1762255426228,110,167
1762255426244,111,167
1762255426261,111,166
1762255426278,112,166
1762255426294,113,166
1762255426311,117,165
1762255426328,118,165
1762255426344,121,162
1762255426421,122,162
1762255426450,123,162
1762255426583,124,162
1762255426605,125,162
1762255426628,126,162
1762255426644,127,165
1762255426661,127,166
1762255426686,127,167
1762255426715,130,168
1762255426727,130,169
1762255426744,131,172
1762255426761,131,173
1762255426789,131,175
1762255426844,132,175
1762255426861,133,176
1762255426877,134,177
1762255426894,137,180
1762255426914,138,180
1762255426943,138,181
1762255426966,139,181
1762255427011,141,181
1762255427128,143,181
1762255427305,144,181
1762255427334,144,180
1762255427343,144,178
1762255427360,144,176
1762255427378,144,174
1762255427393,144,171
1762255427410,144,169
1762255427427,140,167
1762255427443,138,164
1762255427460,135,162
1762255427510,134,161
1762255427527,133,160
1762255427554,132,159
1762255427576,128,156
1762255427594,128,155
1762255427610,127,154
1762255427627,127,153
1762255427643,126,150
1762255427664,126,149
1762255427710,125,146
1762255427731,125,145
1762255427743,125,143
1762255427760,125,141
1762255427893,126,141
1762255427910,130,144
1762255427927,132,146
1762255427943,133,148
1762255427960,134,153
1762255427976,135,154
1762255427993,135,155
1762255428009,136,156
1762255428026,138,160
1762255428043,139,161
1762255428060,141,165
1762255428076,141,167
1762255428110,142,168
1762255428126,142,169
1762255428143,142,170
1762255428194,144,171
1762255428253,144,173
1762255428276,144,175
1762255428305,144,176
1762255428326,144,177
1762255428343,144,178
1762255428393,145,178
1762255428409,146,181
1762255428482,146,182
1762255428673,147,182
1762255428726,148,182
1762255428989,149,182
1762255429019,150,182
1762255429042,153,182
1762255429062,154,182
1762255429075,154,181
1762255429092,154,177
1762255429109,155,172
1762255429126,155,170
1762255429142,155,168
1762255429159,155,160
1762255429176,155,158
1762255429192,155,155
1762255429208,155,152
1762255429225,155,147
1762255429242,154,145
1762255429259,150,142
1762255429275,149,141
1762255429292,148,137
1762255429309,147,135
1762255429325,147,134
1762255429357,146,133
1762255429409,145,132
1762255429438,144,132
1762255429458,142,131
1762255429549,142,130
1762255429558,140,130
1762255429575,140,129
1762255429600,139,126
1762255429733,137,128
1762255429742,136,129
1762255429758,136,134
1762255429775,136,141
1762255429791,136,146
1762255429808,136,148
1762255429825,136,150
1762255429842,136,154
1762255429858,136,157
1762255429875,136,159
1762255429891,136,162
1762255429925,136,165
1762255430071,137,166
1762255430093,139,166
1762255430108,141,166
1762255430125,142,166
1762255430144,143,166
1762255430191,144,166
1762255430299,146,166
1762255430336,147,166
1762255430358,148,162
1762255430374,148,160
1762255430391,148,159
1762255430424,148,157
1762255430435,148,156
1762255430458,148,155
1762255430474,148,154
1762255430491,148,150
1762255430507,148,148
1762255430524,148,146
1762255430541,148,144
1762255430557,148,139
1762255430574,148,138
1762255430591,146,136
1762255430608,146,134
1762255430624,146,133
1762255430644,144,132
1762255430674,143,131
1762255430691,143,130
1762255430708,142,127
1762255430724,139,126
1762255430740,137,125
1762255430757,137,124
1762255430774,135,123
1762255430790,134,121
1762255430807,131,120
1762255430828,130,119
1762255430891,128,119
1762255430907,128,118
1762255430924,127,118
1762255430940,126,117
1762255430957,124,117
1762255430974,123,114
1762255430990,121,114
1762255431007,120,113
1762255431024,118,113
1762255431040,114,112
1762255431057,111,112
1762255431074,108,112
1762255431090,106,112
1762255431107,104,112
1762255431157,102,112
1762255431174,101,112
1762255431241,100,112
1762255431351,99,112
1762255431361,98,112
1762255431390,97,112
1762255431407,97,113
1762255431423,97,117
1762255431440,97,120
1762255431457,97,123
1762255431473,97,125
1762255431490,97,128
1762255431507,97,130
1762255431527,97,131
1762255431540,97,132
1762255431556,97,134
1762255431573,97,136
1762255431590,97,138
1762255431675,97,138
1762255432117,97,150
1762255432123,97,166
1762255432140,98,188
1762255432158,98,201
1762255432174,98,211
1762255432190,99,220
1762255432208,101,229
1762255432224,101,234
1762255432240,101,240
1762255432257,101,243
1762255432274,101,244
1762255432291,101,246
1762255432307,102,249
1762255432324,104,252
1762255432341,107,256
1762255432357,111,262
1762255432374,113,266
1762255432390,115,269
1762255432407,118,274
1762255432424,125,280
1762255432440,133,285
1762255432457,139,290
1762255432474,143,292
1762255432490,146,294
1762255432507,154,297
1762255432524,160,301
1762255432540,167,304
1762255432557,174,307
1762255432573,195,312
1762255432590,208,319
1762255432608,234,326
1762255432624,252,334
1762255432640,276,340
1762255432657,296,344
1762255432674,328,346
1762255432690,355,346
1762255432707,389,343
1762255432724,409,340
1762255432740,429,334
1762255432757,449,333
1762255432774,459,333
1762255432791,470,333
1762255432807,475,336
1762255432823,487,339
1762255432840,492,342
1762255432857,499,345
1762255432873,503,347
1762255432890,515,354
1762255432908,520,359
1762255432923,532,365
1762255432940,543,370
1762255433552,556,377
1762255433558,575,390
1762255433573,593,401
1762255433589,649,442
1762255433607,668,459
1762255433623,685,474
1762255433639,700,485
1762255433656,707,491
1762255433673,711,494
1762255433690,713,496
1762255433706,714,497
1762255433723,715,498
1762255433740,719,499
1762255433756,720,499
1762255433772,720,501
1762255433789,721,501
1762255433806,724,503
1762255433822,726,504
1762255433839,731,504
1762255433856,739,504
1762255433873,748,504
1762255433889,759,499
1762255433906,767,493
1762255433923,780,474
1762255433939,792,446
1762255433955,800,414
1762255433973,804,377
1762255433989,806,339
1762255434006,806,310
1762255434022,804,287
1762255434039,804,278
1762255434056,802,271
1762255434072,802,267
1762255434089,801,260
1762255434106,801,256
1762255434122,801,254
1762255434139,801,253
1762255434155,800,252
1762255434173,800,251
1762255435317,800,245
1762255435323,800,241
1762255435338,800,234
1762255435354,800,231
1762255435372,800,228
1762255435388,800,227
1762255435405,800,225
1762255435574,800,224
1762255435633,800,222
1762255435671,799,220
1762255435688,796,215
1762255435704,795,210
1762255435721,795,207
1762255435738,795,205
1762255435788,795,204
1762255435805,795,203
1762255435824,794,200
1762255435838,794,199
1762255435854,794,197
1762255435871,794,196
1762255435927,793,194
1762255435938,793,192
1762255435954,791,185
1762255435971,790,180
1762255435987,788,178
1762255436004,788,174
1762255436021,786,172
1762255436037,785,170
1762255436054,784,164
1762255436071,783,157
1762255436088,783,150
1762255436104,781,143
1762255436121,781,141
1762255436137,781,140
1762255436155,781,139
1762255436170,781,135
1762255436188,781,134
1762255436206,781,133
1762255436759,781,131
1762255436771,781,129
1762255436787,781,127
1762255436804,781,125
1762255436898,781,122
1762255436937,781,120
1762255436954,781,119
1762255436972,780,118
1762255436987,780,117
1762255437004,779,117
1762255437020,777,114
1762255437036,775,113
1762255437053,771,111
1762255437070,770,111
1762255437089,769,111
1762255437137,768,111
1762255437153,766,111
1762255437170,765,110
1762255437443,765,109
1762255437453,765,108
1762255437516,765,106
1762255437531,765,105
1762255437570,765,104
1762255437586,765,103
1762255437603,766,99
1762255437619,768,95
1762255437636,768,92
1762255437653,768,91
1762255438017,768,90
1762255438052,768,88
1762255438069,768,86
1762255438086,768,85
1762255438105,768,84
1762255438119,769,83
1762255438135,770,78
1762255438152,770,73
1762255438169,770,70
1762255438185,770,69
1762255438202,770,68
1762255438921,770,69
1762255438950,770,71
1762255438972,770,72
1762255438995,770,73
1762255439002,770,74
1762255439054,770,75
1762255439068,770,76
1762255439085,770,77
1762255439105,770,79
1762255439187,770,81
1762255439235,770,82
1762255439297,770,83
1762255440318,770,84
1762255440347,770,85
1762255440377,770,87
1762255440433,770,88
1762255440458,770,89
1762255440495,770,90
1762255440672,770,91
1762255440685,770,92
1762255440700,770,95
1762255440767,769,95
1762255440782,768,96
1762255440803,767,96
1762255440819,766,96
1762255440892,765,96
1762255440929,763,96
1762255440982,762,96
1762255441040,760,96
1762255441408,761,96
1762255441432,763,93
1762255441448,763,92
1762255441465,764,92
1762255441517,765,91
1762255441599,766,90
1762255441648,766,88
1762255441665,767,88
1762255441686,767,87
1762255441732,767,87
1762255442194,768,87
1762255442231,771,86
1762255442253,772,86
1762255442264,773,86
1762255442281,774,85
1762255442297,776,85
1762255442316,779,85
1762255442332,780,84
1762255442348,781,84
1762255442366,783,84
1762255442383,784,84
1762255442399,786,83
1762255442416,787,83
1762255442432,788,83
1762255442482,790,83
1762255442499,791,83
1762255442549,792,83
1762255442622,794,83
1762255443835,793,83
1762255443846,793,84
1762255443863,792,86
1762255443879,790,90
1762255443900,790,91
1762255443913,790,93
1762255443929,789,94
1762255443946,789,96
1762255443974,789,97
1762255444004,789,98
1762255444070,789,99
1762255444130,789,100
1762255444146,789,101
1762255444163,789,102
1762255444180,791,102
1762255444196,794,102
1762255444213,795,102
1762255444229,797,102
1762255444246,798,102
1762255444263,799,102
1762255444280,800,102
1762255444305,802,102
1762255444329,803,102
1762255444349,805,102
1762255444614,805,101
1762255444644,805,100
1762255444663,804,99
1762255444679,804,98
1762255444696,802,96
1762255444717,801,95
1762255444731,801,94
1762255444779,800,92
1762255444796,799,91
1762255444845,799,88
1762255444896,798,87
1762255444960,798,86
1762255444982,798,85
1762255445029,798,84
1762255445129,798,83
1762255445247,798,83
1762255445644,797,84
1762255445662,794,85
1762255445678,792,86
1762255445695,790,87
1762255445711,789,88
1762255445740,786,88
1762255445806,785,90
1762255445822,784,90
1762255445844,783,90
1762255445858,782,91
1762255445895,778,93
1762255445912,776,95
1762255445928,772,97
1762255445945,770,97
1762255445962,768,97
1762255445978,767,97
1762255445995,766,97
1762255446011,764,98
1762255446028,762,98
1762255446045,761,98
1762255446063,760,98
1762255446130,759,98
1762255446159,757,98
1762255446292,756,98
1762255446601,756,99
1762255446615,756,100
1762255446661,756,101
1762255446689,755,102
1762255446771,755,105
1762255446792,755,106
1762255446836,755,107
1762255446879,755,108
1762255448028,755,107
1762255448076,756,106
1762255448094,758,105
1762255448109,758,103
1762255448138,759,102
1762255448160,759,101
1762255448176,760,100
1762255448226,760,98
1762255448447,760,96
1762255448493,759,96
1762255448509,756,96
1762255448526,755,96
1762255448550,754,96
1762255448560,753,96
1762255448601,752,96
1762255448659,751,96
1762255448720,750,96
1762255448730,750,97
1762255448759,748,99
1762255448809,747,99
1762255448826,747,100
1762255448842,747,101
1762255448892,746,102
1762255448910,746,104
1762255448939,746,105
1762255449058,746,106
1762255449125,746,107
1762255449154,747,107
1762255449175,748,107
1762255449192,750,107
1762255449209,751,107
1762255449227,752,107
1762255449242,753,107
1762255449271,754,107
1762255449292,755,107
1762255449322,756,107
1762255449342,757,107
1762255449359,759,107
1762255449408,761,107
1762255449477,762,107
1762255449525,763,107
1762255449542,766,106
1762255449592,767,106
1762255449860,768,105
1762255449882,769,103
1762255449911,769,102
1762255449924,770,101
1762255450176,770,101
1762255450515,773,101
1762255450527,777,103
1762255450541,784,104
1762255450557,788,106
1762255450574,791,106
1762255450591,796,107
1762255450608,798,107
1762255450624,801,107
1762255450641,804,108
1762255450657,805,108
1762255450674,808,108
1762255450692,810,108
1762255450709,812,108
1762255450725,813,108
1762255450742,815,108
1762255450792,816,108
1762255450817,817,108
1762255450839,819,108
1762255450875,820,108
1762255450891,821,108
1762255450942,823,108
1762255450971,824,108
1762255450986,825,108
1762255451025,826,108
1762255452089,825,108
1762255452107,824,108
1762255452140,822,108
1762255452156,821,107
1762255452184,820,107
1762255452214,819,107
1762255452273,818,106
1762255452323,816,106
1762255452354,814,106
1762255452373,813,106
1762255452389,813,104
1762255452412,812,104
1762255452442,811,104
1762255452489,810,104
1762255452516,809,104
1762255452572,808,104
1762255452589,806,104
1762255452605,804,104
1762255452663,803,104
1762255452689,802,104
1762255452810,801,104
1762255452872,799,104
1762255452922,798,104
1762255452942,797,104
1762255453107,797,104
1762255453686,798,120
1762255453693,800,131
1762255453706,802,145
1762255453722,804,183
1762255453739,806,220
1762255453756,806,245
1762255453773,806,259
1762255453789,806,274
1762255453806,806,287
1762255453823,806,298
1762255453839,805,317
1762255453856,802,345
1762255453873,798,357
1762255453889,797,362
1762255453906,794,370
1762255453922,793,376
1762255453939,793,378
1762255453956,790,385
1762255453972,789,390
1762255453989,783,403
1762255454006,780,412
1762255454022,777,418
1762255454039,777,422
1762255454056,777,426
1762255454072,776,428
1762255454089,775,430
1762255454105,774,437
1762255454123,773,440
1762255454139,770,446
1762255454156,769,449
1762255454172,769,453
1762255454189,769,454
1762255454206,769,456
1762255454222,768,463
1762255454239,766,471
1762255454256,766,478
1762255454272,766,480
1762255454289,766,482
1762255454306,766,483
1762255454687,763,479
1762255454694,763,473
1762255454706,763,467
1762255454722,762,461
1762255454739,762,457
1762255454755,762,454
1762255454805,762,453
1762255454826,762,452
1762255454841,762,451
1762255454855,762,447
1762255454872,762,441
1762255454888,762,439
1762255454905,762,436
1762255454921,762,432
1762255454938,762,431
1762255454955,762,430
1762255455076,762,428
1762255455122,762,426
1762255455139,765,422
1762255455155,766,419
1762255455171,766,416
1762255455188,766,415
1762255455238,766,414
1762255455288,766,413
1762255455311,767,412
1762255455364,768,411
1762255455404,768,410
1762255455429,769,410
1762255455451,769,407
1762255456054,769,409
1762255456069,769,410
1762255456086,769,411
1762255456103,769,413
1762255456119,769,414
1762255456136,769,418
1762255456153,769,420
1762255456171,769,421
1762255456220,769,422
1762255456236,768,425
1762255456252,768,426
1762255456303,768,427
1762255456333,768,429
1762255456363,768,430
1762255456374,768,432
1762255456403,767,433
1762255456429,767,434
1762255456453,767,435
1762255456473,767,436
1762255456487,767,437
1762255456502,766,437
1762255456525,766,438
1762255456552,766,442
1762255456569,766,443
1762255456586,766,444
1762255456602,766,446
1762255456619,766,449
1762255456636,766,450
1762255456652,766,453
1762255456669,766,455
1762255456686,766,456
1762255456708,766,457
1762255456719,766,458
1762255456736,766,460
1762255456802,766,464
1762255456827,766,465
1762255456915,766,466
1762255456974,766,467
1762255456995,766,468
1762255457019,766,470
1762255457092,766,471
1762255457118,766,472
1762255457172,766,473
1762255457219,766,475
1762255457235,766,478
1762255457298,767,479
1762255457309,767,480
1762255457322,767,481
1762255457352,768,482
1762255457368,768,484
1762255457385,768,488
1762255457435,769,488
1762255457452,769,489
1762255457474,769,490
1762255457502,771,493
1762255457518,772,496
1762255457535,772,497
1762255457551,772,500
1762255457673,772,498
1762255457686,772,498
1762255457893,772,497
1762255457901,772,496
1762255457918,772,493
1762255457935,772,491
1762255457951,772,489
1762255457968,772,486
1762255457985,772,484
1762255458001,774,481
1762255458019,776,474
1762255458036,778,470
1762255458053,778,468
1762255458069,778,465
1762255458086,778,459
1762255458102,778,456
1762255458119,778,454
1762255458136,778,450
1762255458152,778,447
1762255458169,778,446
1762255458186,778,445
1762255458202,778,444
1762255458219,778,442
1762255458239,778,441
1762255458252,778,440
1762255458276,778,438
1762255458319,778,437
1762255458335,778,435
1762255458357,778,434
1762255458372,778,433
1762255458394,778,432
1762255458409,778,431
1762255458419,779,430
1762255458437,781,425
1762255458452,781,422
1762255458469,783,420
1762255458519,785,419
1762255458814,785,418
1762255458852,786,418
1762255458869,786,417
1762255458887,787,416
1762255458961,787,413
1762255458982,788,413
1762255458997,788,412
1762255459065,790,412
1762255459123,790,411
1762255459174,791,411
1762255459263,791,410
1762255459336,792,409
1762255459989,791,410
1762255460016,788,412
1762255460033,788,414
1762255460050,788,419
1762255460066,787,421
1762255460085,787,422
1762255460099,787,424
1762255460122,787,425
1762255460149,787,426
1762255460166,787,427
1762255460225,787,428
1762255460237,787,429
1762255460269,787,432
1762255460299,787,433
1762255460311,787,434
1762255460366,787,435
1762255460383,788,436
1762255460401,788,437
1762255460416,790,439
1762255460432,791,439
1762255460449,792,440
1762255460466,792,441
1762255460483,793,444
1762255460542,793,446
1762255460578,794,447
1762255460599,794,448
1762255460622,794,449
1762255460649,794,450
1762255460665,794,451
1762255460682,794,452
1762255460732,794,455
1762255460755,794,456
1762255460792,794,457
1762255460816,794,458
1762255460865,794,462
1762255460917,794,463
1762255460938,794,464
1762255460951,794,465
1762255460982,794,469
1762255460999,794,471
1762255461027,794,472
1762255461056,794,473
1762255461086,794,474
1762255461098,794,475
1762255461123,794,477
1762255461149,794,479
1762255461204,794,480
1762255461265,794,481
1762255461315,794,482
1762255461402,794,484
1762255461415,793,485
1762255461491,792,486
1762255461548,791,487
1762255461565,791,488
1762255461615,791,491
1762255461631,791,492
1762255461648,790,493
1762255461711,788,494
1762255462072,788,493
1762255462098,788,490
1762255462123,789,489
1762255462152,789,488
1762255462182,789,487
1762255462204,789,486
1762255462232,789,486
1762255462587,789,497
1762255462599,789,508
1762255462615,789,527
1762255462632,788,565
1762255462649,788,592
-1,-1,-1
1762255398702,96,46
1762255399202,97,46
1762255399217,98,46
1762255399234,99,46
1762255399251,99,47
1762255399283,100,47
1762255399304,102,47
1762255399350,104,47
1762255399400,106,47
1762255399417,107,47
1762255399434,109,47
1762255399450,110,47
1762255399467,111,47
1762255399483,112,47
1762255399501,113,47
1762255399517,114,47
1762255399533,115,47
1762255399550,118,47
1762255399567,119,47
1762255399592,120,47
1762255399614,121,47
1762255399650,122,47
1762255399673,124,47
1762255399717,125,47
1762255399734,126,47
1762255399783,127,47
1762255399801,128,47
1762255399850,132,47
1762255399867,133,47
1762255399883,134,47
1762255399900,135,47
1762255399916,136,47
1762255399934,137,47
1762255399952,138,47
1762255399967,140,47
1762255399983,142,47
1762255400000,143,47
1762255400050,144,47
1762255400357,144,45
1762255400379,144,44
1762255400433,144,43
1762255400450,144,42
1762255400466,144,41
1762255400483,143,40
1762255400504,141,39
1762255400518,139,37
1762255400533,138,35
1762255400549,138,34
1762255400566,137,34
1762255400584,136,33
1762255400599,136,31
1762255400616,135,30
1762255400636,135,29
1762255400696,134,28
1762255400762,132,27
1762255400835,132,26
1762255400849,131,26
1762255400917,129,23
1762255400945,128,22
1762255400961,126,21
1762255400967,125,21
1762255401016,124,20
1762255401041,123,19
1762255401064,122,19
1762255401082,121,19
1762255401100,120,19
1762255401122,118,18
1762255401144,116,18
1762255401158,115,18
1762255401181,114,18
1762255401211,113,18
1762255401217,112,18
1762255401233,110,18
1762255401250,109,18
1762255401266,108,18
1762255401282,107,18
1762255401299,103,18
1762255401315,102,18
1762255401332,101,18
1762255401350,100,18
1762255401365,99,18
1762255401382,98,18
1762255401399,97,18
1762255401415,95,19
1762255401445,94,19
1762255401542,93,20
1762255401548,92,21
1762255401565,91,22
1762255401615,91,25
1762255401632,91,26
1762255401648,91,27
1762255401681,90,28
1762255401703,90,29
1762255401748,90,30
1762255401800,90,31
1762255401858,90,33
1762255401917,90,34
1762255401932,90,36
1762255401998,90,37
1762255402015,90,38
1762255402032,90,40
1762255402082,91,41
1762255402098,92,41
1762255402115,94,42
1762255402131,96,42
1762255402152,97,43
1762255402165,98,43
1762255402182,99,43
1762255402203,100,43
1762255402226,101,43
1762255402265,102,43
1762255402292,104,43
1762255402332,106,43
1762255402348,107,43
1762255402398,108,43
1762255402415,109,43
1762255402432,111,43
1762255402448,112,43
1762255402465,113,43
1762255402481,114,43
1762255402498,115,43
1762255402527,117,43
1762255402542,119,43
1762255402581,121,43
1762255402601,122,43
1762255402616,123,43
1762255402631,124,43
1762255402648,125,43
1762255402705,127,43
1762255402726,128,43
1762255402874,130,43
1762255402932,131,42
1762255402947,131,41
1762255402964,131,39
1762255402981,131,37
1762255403006,131,35
1762255403014,131,34
1762255403031,131,32
1762255403048,131,31
1762255403064,129,30
1762255403081,128,29
1762255403101,126,29
1762255403116,125,28
1762255403145,124,27
1762255403164,123,27
1762255403197,122,27
1762255403247,121,27
1762255403359,120,27
1762255403397,118,27
1762255403414,116,27
1762255403431,115,27
1762255403454,114,27
1762255403543,113,27
1762255403558,113,28
1762255403614,111,30
1762255403705,110,31
1762255403727,110,32
1762255403808,110,34
1762255403866,110,36
1762255403880,110,37
1762255403897,110,38
1762255403925,110,39
1762255403940,110,41
1762255403955,110,42
1762255403977,112,43
1762255404006,113,43
1762255404021,114,43
1762255404043,115,44
1762255404183,117,44
1762255404198,119,44
1762255404226,120,44
1762255404485,120,43
1762255404496,121,42
1762255404528,122,40
1762255404579,122,39
1762255404596,123,37
1762255404613,124,33
1762255404630,124,32
1762255404654,125,31
1762255404662,125,30
1762255404911,124,30
1762255404930,122,30
1762255404946,121,30
1762255404992,120,30
1762255404999,118,30
1762255405021,116,30
1762255405029,115,30
1762255405046,113,30
1762255405062,111,30
1762255405079,110,30
1762255405096,109,30
1762255405116,108,30
1762255405139,107,30
1762255405161,104,30
1762255405179,103,30
1762255405196,102,30
1762255405212,101,30
1762255405229,100,30
1762255405246,99,30
1762255405262,98,30
1762255405279,97,30
1762255405308,95,30
1762255405345,94,30
1762255405552,94,29
1762255405595,94,28
1762255405624,94,27
1762255405662,97,27
1762255405678,98,27
1762255405705,99,27
1762255405762,101,27
1762255405794,102,27
1762255405816,103,27
1762255405829,103,28
1762255405845,106,29
1762255405862,106,30
1762255405979,106,31
1762255406028,107,31
1762255406045,107,33
1762255406073,107,34
1762255406162,108,34
1762255406184,109,34
1762255406198,111,34
1762255406245,112,34
1762255406262,113,34
1762255406278,114,34
1762255406294,118,32
1762255406311,119,30
1762255406328,120,28
1762255406344,121,27
1762255406368,122,26
1762255406390,123,23
1762255406397,123,22
1762255406426,125,21
1762255406500,126,20
1762255406515,126,18
1762255406528,127,18
1762255406544,127,17
1762255406736,128,17
1762255406854,130,17
1762255406875,131,17
1762255406927,131,20
1762255406944,131,21
1762255406971,129,22
1762255406978,127,25
1762255406994,126,26
1762255407011,125,27
1762255407028,124,28
1762255407044,123,29
1762255407067,122,31
1762255407089,121,32
1762255407095,121,33
1762255407110,120,34
1762255407127,120,36
1762255407251,118,38
1762255407260,118,39
1762255407280,118,40
1762255407294,118,41
1762255407324,116,41
1762255407344,116,42
1762255407361,116,43
1762255407390,116,44
1762255407410,115,45
1762255407427,114,49
1762255407538,114,50
1762255407560,114,51
1762255407582,114,52
1762255407604,114,53
1762255407685,114,55
1762255407699,114,57
1762255407744,114,58
1762255407793,114,59
1762255407943,114,60
1762255408010,114,62
1762255408097,114,63
1762255408111,114,64
1762255408160,114,65
1762255408177,114,66
1762255408229,114,69
1762255408244,114,70
1762255408259,114,71
1762255408576,115,71
1762255408685,115,70
1762255408692,118,67
1762255408709,118,66
1762255408726,118,65
1762255408743,118,64
1762255408793,118,61
1762255408842,118,60
1762255408859,118,59
1762255408876,118,58
1762255408928,118,55
1762255408949,119,54
1762255408959,119,53
1762255408976,119,52
1762255409083,119,51
1762255409092,119,50
1762255409109,119,49
1762255409407,116,49
1762255409428,115,50
1762255409442,115,51
1762255409458,115,53
1762255409475,114,54
1762255409492,114,57
1762255409543,114,58
1762255409559,114,59
1762255409575,114,60
1762255409592,113,61
1762255409612,113,63
1762255409686,113,64
1762255409693,113,65
1762255409745,113,66
1762255409792,113,68
1762255409809,113,70
1762255409825,113,71
1762255409855,113,72
1762255409908,113,73
1762255409925,113,74
1762255409941,113,75
1762255410010,113,76
1762255410083,113,77
1762255413504,114,110
1762255414026,113,110
1762255414071,112,110
1762255414121,111,111
1762255414151,109,112
1762255414188,109,113
1762255414205,108,114
1762255414222,107,117
1762255414238,106,117
1762255414254,105,119
1762255414272,102,123
1762255414288,101,125
1762255414304,99,127
1762255414321,95,131
1762255414338,94,134
1762255414355,93,134
1762255414405,93,136
1762255414511,93,137
1762255414521,93,138
1762255414540,93,139
1762255414554,94,139
1762255414571,98,140
1762255414588,100,141
1762255414604,105,141
1762255414621,107,141
1762255414637,111,141
1762255414655,113,141
1762255414671,115,141
1762255414687,116,141
1762255414704,119,142
1762255414721,120,142
1762255414738,121,142
1762255414754,122,142
1762255414820,124,142
1762255414887,127,142
1762255414904,128,142
1762255414921,128,141
1762255414937,128,139
1762255414954,128,135
1762255414971,130,130
1762255414987,130,128
1762255415004,130,125
1762255415021,130,124
1762255415048,130,122
1762255415055,130,120
1762255415070,130,119
1762255415087,130,117
1762255415104,130,115
1762255415165,130,114
1762255415187,129,114
1762255415204,126,114
1762255415221,122,114
1762255415238,120,114
1762255415254,117,114
1762255415270,116,114
1762255415287,115,114
1762255415304,114,114
1762255415321,113,114
1762255415337,112,114
1762255415354,111,117
1762255415371,111,119
1762255415387,109,121
1762255415416,109,123
1762255415445,109,124
1762255415460,109,125
1762255415482,109,126
1762255415504,109,128
1762255415520,109,129
1762255415537,109,131
1762255415555,109,133
1762255415570,109,134
1762255415587,109,136
1762255415604,110,136
1762255415622,111,138
1762255415637,112,138
1762255415653,113,138
1762255415670,115,138
1762255415695,116,138
1762255415769,117,138
1762255415813,119,138
1762255415854,120,138
1762255415998,120,137
1762255416020,120,135
1762255416037,120,134
1762255416053,120,130
1762255416070,120,128
1762255416100,120,127
1762255416120,120,126
1762255416144,120,125
1762255416159,120,124
1762255416169,120,122
1762255416292,118,122
1762255416306,117,122
1762255416320,116,123
1762255416336,115,124
1762255416353,114,125
1762255416370,114,126
1762255416386,114,127
1762255416403,113,128
1762255416431,112,128
1762255416453,112,129
1762255416469,112,131
1762255416486,112,133
1762255416503,112,134
1762255416527,112,135
1762255416536,112,136
1762255416608,112,138
1762255416622,112,139
1762255416636,112,140
1762255416652,114,142
1762255416669,116,145
1762255416686,119,145
1762255416702,121,145
1762255416719,125,145
1762255416736,126,145
1762255416754,127,145
1762255416777,128,145
1762255416819,129,145
1762255416836,130,143
1762255416853,132,141
1762255416869,133,137
1762255416886,133,135
1762255416936,133,131
1762255416952,133,130
1762255416969,133,128
1762255416986,133,126
1762255417002,131,123
1762255417019,130,120
1762255417035,130,119
1762255417052,130,117
1762255417069,129,116
1762255417085,128,115
1762255417103,128,113
1762255417130,127,113
1762255417152,126,112
1762255417169,122,111
1762255417186,120,109
1762255417202,119,109
1762255417218,115,109
1762255417235,114,109
1762255417262,113,109
1762255417277,112,109
1762255417285,111,109
1762255417302,110,111
1762255417319,107,113
1762255417335,107,115
1762255417352,106,119
1762255417402,106,121
1762255417419,106,123
1762255417435,106,124
1762255417461,106,126
1762255417483,106,127
1762255417502,106,129
1762255417572,106,130
1762255417586,106,133
1762255417616,106,134
1762255417635,106,135
1762255417652,106,137
1762255417675,106,138
1762255417685,106,139
1762255417702,107,141
1762255417718,110,142
1762255417735,112,144
1762255417752,114,144
1762255417769,117,145
1762255417785,119,145
1762255417802,122,145
1762255417829,125,145
1762255417836,126,145
1762255417885,128,145
1762255417902,129,145
1762255417918,130,145
1762255417946,132,143
1762255417969,133,140
1762255417985,133,138
1762255418002,133,135
1762255418018,133,133
1762255418035,133,130
1762255418051,133,126
1762255418068,133,124
1762255418085,133,122
1762255418101,132,117
1762255418118,132,115
1762255418135,132,113
1762255418151,131,112
1762255418205,129,111
1762255418219,128,110
1762255418234,126,109
1762255418251,122,109
1762255418268,120,109
1762255418284,119,109
1762255418301,116,109
1762255418322,114,109
1762255418335,113,109
1762255418351,112,109
1762255418368,111,109
1762255418388,110,109
1762255418417,109,109
1762255418435,108,109
1762255418491,106,110
1762255418506,105,110
1762255418517,105,111
1762255418534,103,114
1762255418551,102,116
1762255418568,102,117
1762255418584,101,118
1762255418601,101,121
1762255418618,101,122
1762255418638,101,123
1762255418661,101,124
1762255418668,101,125
1762255418717,101,126
1762255418786,101,127
1762255418801,101,129
1762255418851,101,130
1762255418873,101,132
1762255418896,101,133
1762255418918,101,134
1762255418934,101,136
1762255418951,101,137
1762255418967,101,138
1762255418984,101,139
1762255419001,101,140
1762255419017,101,141
1762255419034,101,145
1762255419051,101,146
1762255419067,101,147
1762255419084,101,148
1762255419100,101,149
1762255419117,101,150
1762255419134,102,152
1762255419151,105,152
1762255419167,108,153
1762255419184,111,153
1762255419201,113,153
1762255419217,116,153
1762255419234,118,153
1762255419251,119,153
1762255419268,120,153
1762255419284,121,153
1762255419300,125,153
1762255419317,126,153
1762255419334,127,151
1762255419384,128,151
1762255419401,129,150
1762255419417,129,149
1762255419440,131,148
1762255419455,132,147
1762255419467,132,146
1762255419483,133,145
1762255419500,133,141
1762255419517,134,139
1762255419534,134,137
1762255419550,134,134
1762255419567,134,131
1762255419584,134,130
1762255419600,134,127
1762255419617,134,125
1762255419633,134,119
1762255419650,134,117
1762255419667,134,116
1762255419683,134,114
1762255419700,134,112
1762255419717,133,110
1762255419733,133,109
1762255419750,133,108
1762255419771,132,106
1762255419783,130,105
1762255419800,128,105
1762255419816,123,105
1762255419834,121,105
1762255419850,119,105
1762255419867,117,105
1762255419884,114,105
1762255419903,113,105
1762255419917,112,105
1762255419933,111,105
1762255419962,110,107
1762255419984,109,108
1762255420000,108,109
1762255420017,106,109
1762255420043,106,110
1762255420066,105,110
1762255420083,105,111
1762255420109,103,111
1762255420116,103,112
1762255420133,102,113
1762255420166,99,116
1762255420183,99,117
1762255420200,98,117
1762255420249,98,118
1762255420266,97,120
1762255420316,96,123
1762255420333,95,124
1762255420383,94,125
1762255420400,94,126
1762255420418,94,127
1762255420448,94,128
1762255420466,91,128
1762255420483,91,129
1762255420499,91,132
1762255420516,91,133
1762255420536,91,134
1762255420551,91,135
1762255420566,91,136
1762255420583,91,138
1762255420599,91,139
1762255420616,91,140
1762255420632,91,143
1762255420650,91,145
1762255420666,91,146
1762255420683,91,147
1762255420733,91,148
1762255420749,91,149
1762255420766,91,151
1762255420783,91,152
1762255420800,91,154
1762255420816,91,156
1762255420838,93,157
1762255420849,93,159
1762255420866,93,161
1762255421544,92,161
1762255421565,91,160
1762255421582,89,160
1762255423148,82,185
1762255423464,84,185
1762255423480,86,185
1762255423497,88,184
1762255423513,91,184
1762255423530,96,182
1762255423547,98,182
1762255423564,100,180
1762255423580,102,180
1762255423597,105,179
1762255423613,107,179
1762255423630,108,179
1762255423647,111,177
1762255423663,113,174
1762255423680,117,173
1762255423697,118,173
1762255423729,119,173
1762255423751,119,172
1762255423773,120,171
1762255423839,121,170
1762255423927,121,169
1762255423935,121,167
1762255423963,120,166
1762255423979,118,166
1762255423997,115,166
1762255424015,114,166
1762255424030,113,166
1762255424047,111,166
1762255424063,109,166
1762255424080,107,166
1762255424096,106,166
1762255424113,103,166
1762255424130,101,166
1762255424237,100,166
1762255424310,99,166
1762255424331,98,166
1762255424379,97,168
1762255424396,97,170
1762255424413,95,172
1762255424429,92,176
1762255424447,91,178
1762255424463,91,180
1762255424513,90,182
1762255424538,90,183
1762255424563,90,184
1762255424759,90,183
1762255424779,90,181
1762255424796,91,179
1762255424813,95,178
1762255424829,97,174
1762255424846,99,172
1762255424862,103,170
1762255424879,106,169
1762255424896,109,166
1762255424912,110,166
1762255424943,110,165
1762255424963,111,163
1762255424979,112,161
1762255425029,112,160
1762255425083,113,159
1762255425095,113,158
1762255425245,112,158
1762255425262,110,158
1762255425279,107,158
1762255425295,104,158
1762255425312,100,158
1762255425329,98,158
1762255425345,97,158
1762255425379,96,159
1762255425395,95,160
1762255425413,92,160
1762255425462,91,162
1762255425494,90,162
1762255425560,90,164
1762255425595,88,166
1762255425645,88,167
1762255425662,88,169
1762255425678,87,171
1762255425695,87,173
1762255425712,87,177
1762255425728,87,179
1762255425796,87,180
1762255425811,87,182
1762255425828,87,183
1762255426039,87,182
1762255426061,87,181
1762255426078,89,179
1762255426095,91,177
1762255426111,94,177
1762255426128,96,173
1762255426144,99,172
1762255426161,100,172
1762255426178,101,170
1762255426195,105,169
1762255426211,108,168
1762255426228,110,167
1762255426244,111,167
1762255426261,111,166
1762255426278,112,166
1762255426294,113,166
1762255426311,117,165
1762255426328,118,165
1762255426344,121,162
1762255426421,122,162
1762255426450,123,162
1762255426583,124,162
1762255426605,125,162
1762255426628,126,162
1762255426644,127,165
1762255426661,127,166
1762255426686,127,167
1762255426715,130,168
1762255426727,130,169
1762255426744,131,172
1762255426761,131,173
1762255426789,131,175
1762255426844,132,175
1762255426861,133,176
1762255426877,134,177
1762255426894,137,180
1762255426914,138,180
1762255426943,138,181
1762255426966,139,181
1762255427011,141,181
1762255427128,143,181
1762255427305,144,181
1762255427334,144,180
1762255427343,144,178
1762255427360,144,176
1762255427378,144,174
1762255427393,144,171
1762255427410,144,169
1762255427427,140,167
1762255427443,138,164
1762255427460,135,162
1762255427510,134,161
1762255427527,133,160
1762255427554,132,159
1762255427576,128,156
1762255427594,128,155
1762255427610,127,154
1762255427627,127,153
1762255427643,126,150
1762255427664,126,149
1762255427710,125,146
1762255427731,125,145
1762255427743,125,143
1762255427760,125,141
1762255427893,126,141
1762255427910,130,144
1762255427927,132,146
1762255427943,133,148
1762255427960,134,153
1762255427976,135,154
1762255427993,135,155
1762255428009,136,156
1762255428026,138,160
1762255428043,139,161
1762255428060,141,165
1762255428076,141,167
1762255428110,142,168
1762255428126,142,169
1762255428143,142,170
1762255428194,144,171
1762255428253,144,173
1762255428276,144,175
1762255428305,144,176
1762255428326,144,177
1762255428343,144,178
1762255428393,145,178
1762255428409,146,181
1762255428482,146,182
1762255428673,147,182
1762255428726,148,182
1762255428989,149,182
1762255429019,150,182
1762255429042,153,182
1762255429062,154,182
1762255429075,154,181
1762255429092,154,177
1762255429109,155,172
1762255429126,155,170
1762255429142,155,168
1762255429159,155,160
1762255429176,155,158
1762255429192,155,155
1762255429208,155,152
1762255429225,155,147
1762255429242,154,145
1762255429259,150,142
1762255429275,149,141
1762255429292,148,137
1762255429309,147,135
1762255429325,147,134
1762255429357,146,133
1762255429409,145,132
1762255429438,144,132
1762255429458,142,131
1762255429549,142,130
1762255429558,140,130
1762255429575,140,129
1762255429600,139,126
1762255429733,137,128
1762255429742,136,129
1762255429758,136,134
1762255429775,136,141
1762255429791,136,146
1762255429808,136,148
1762255429825,136,150
1762255429842,136,154
1762255429858,136,157
1762255429875,136,159
1762255429891,136,162
1762255429925,136,165
1762255430071,137,166
1762255430093,139,166
1762255430108,141,166
1762255430125,142,166
1762255430144,143,166
1762255430191,144,166
1762255430299,146,166
1762255430336,147,166
1762255430358,148,162
1762255430374,148,160
1762255430391,148,159
1762255430424,148,157
1762255430435,148,156
1762255430458,148,155
1762255430474,148,154
1762255430491,148,150
1762255430507,148,148
1762255430524,148,146
1762255430541,148,144
1762255430557,148,139
1762255430574,148,138
1762255430591,146,136
1762255430608,146,134
1762255430624,146,133
1762255430644,144,132
1762255430674,143,131
1762255430691,143,130
1762255430708,142,127
1762255430724,139,126
1762255430740,137,125
1762255430757,137,124
1762255430774,135,123
1762255430790,134,121
1762255430807,131,120
1762255430828,130,119
1762255430891,128,119
1762255430907,128,118
1762255430924,127,118
1762255430940,126,117
1762255430957,124,117
1762255430974,123,114
1762255430990,121,114
1762255431007,120,113
1762255431024,118,113
1762255431040,114,112
1762255431057,111,112
1762255431074,108,112
1762255431090,106,112
1762255431107,104,112
1762255431157,102,112
1762255431174,101,112
1762255431241,100,112
1762255431351,99,112
1762255431361,98,112
1762255431390,97,112
1762255431407,97,113
1762255431423,97,117
1762255431440,97,120
1762255431457,97,123
1762255431473,97,125
1762255431490,97,128
1762255431507,97,130
1762255431527,97,131
1762255431540,97,132
1762255431556,97,134
1762255431573,97,136
1762255431590,97,138
1762255439841,770,83
1762255440318,770,84
1762255440347,770,85
1762255440377,770,87
1762255440433,770,88
1762255440458,770,89
1762255440495,770,90
1762255440672,770,91
1762255440685,770,92
1762255440700,770,95
1762255440767,769,95
1762255440782,768,96
1762255440803,767,96
1762255440819,766,96
1762255440892,765,96
1762255440929,763,96
1762255440982,762,96
1762255441040,760,96
1762255441408,761,96
1762255441432,763,93
1762255441448,763,92
1762255441465,764,92
1762255441517,765,91
1762255441599,766,90
1762255441648,766,88
1762255441665,767,88
1762255441686,767,87
1762255443636,794,83
1762255443835,793,83
1762255443846,793,84
1762255443863,792,86
1762255443879,790,90
1762255443900,790,91
1762255443913,790,93
1762255443929,789,94
1762255443946,789,96
1762255443974,789,97
1762255444004,789,98
1762255444070,789,99
1762255444130,789,100
1762255444146,789,101
1762255444163,789,102
1762255444180,791,102
1762255444196,794,102
1762255444213,795,102
1762255444229,797,102
1762255444246,798,102
1762255444263,799,102
1762255444280,800,102
1762255444305,802,102
1762255444329,803,102
1762255444349,805,102
1762255444614,805,101
1762255444644,805,100
1762255444663,804,99
1762255444679,804,98
1762255444696,802,96
1762255444717,801,95
1762255444731,801,94
1762255444779,800,92
1762255444796,799,91
1762255444845,799,88
1762255444896,798,87
1762255444960,798,86
1762255444982,798,85
1762255445029,798,84
1762255445129,798,83
1762255447072,755,108
1762255448028,755,107
1762255448076,756,106
1762255448094,758,105
1762255448109,758,103
1762255448138,759,102
1762255448160,759,101
1762255448176,760,100
1762255448226,760,98
1762255448447,760,96
1762255448493,759,96
1762255448509,756,96
1762255448526,755,96
1762255448550,754,96
1762255448560,753,96
1762255448601,752,96
1762255448659,751,96
1762255448720,750,96
1762255448730,750,97
1762255448759,748,99
1762255448809,747,99
1762255448826,747,100
1762255448842,747,101
1762255448892,746,102
1762255448910,746,104
1762255448939,746,105
1762255449058,746,106
1762255449125,746,107
1762255449154,747,107
1762255449175,748,107
1762255449192,750,107
1762255449209,751,107
1762255449227,752,107
1762255449242,753,107
1762255449271,754,107
1762255449292,755,107
1762255449322,756,107
1762255449342,757,107
1762255449359,759,107
1762255449408,761,107
1762255449477,762,107
1762255449525,763,107
1762255449542,766,106
1762255449592,767,106
1762255449860,768,105
1762255449882,769,103
1762255449911,769,102
1762255449924,770,101
1762255451274,826,108
1762255452089,825,108
1762255452107,824,108
1762255452140,822,108
1762255452156,821,107
1762255452184,820,107
1762255452214,819,107
1762255452273,818,106
1762255452323,816,106
1762255452354,814,106
1762255452373,813,106
1762255452389,813,104
1762255452412,812,104
1762255452442,811,104
1762255452489,810,104
1762255452516,809,104
1762255452572,808,104
1762255452589,806,104
1762255452605,804,104
1762255452663,803,104
1762255452689,802,104
1762255452810,801,104
1762255452872,799,104
1762255452922,798,104
1762255452942,797,104
1762255455782,769,407
1762255456054,769,409
1762255456069,769,410
1762255456086,769,411
1762255456103,769,413
1762255456119,769,414
1762255456136,769,418
1762255456153,769,420
1762255456171,769,421
1762255456220,769,422
1762255456236,768,425
1762255456252,768,426
1762255456303,768,427
1762255456333,768,429
1762255456363,768,430
1762255456374,768,432
1762255456403,767,433
1762255456429,767,434
1762255456453,767,435
1762255456473,767,436
1762255456487,767,437
1762255456502,766,437
1762255456525,766,438
1762255456552,766,442
1762255456569,766,443
1762255456586,766,444
1762255456602,766,446
1762255456619,766,449
1762255456636,766,450
1762255456652,766,453
1762255456669,766,455
1762255456686,766,456
1762255456708,766,457
1762255456719,766,458
1762255456736,766,460
1762255456802,766,464
1762255456827,766,465
1762255456915,766,466
1762255456974,766,467
1762255456995,766,468
1762255457019,766,470
1762255457092,766,471
1762255457118,766,472
1762255457172,766,473
1762255457219,766,475
1762255457235,766,478
1762255457298,767,479
1762255457309,767,480
1762255457322,767,481
1762255457352,768,482
1762255457368,768,484
1762255457385,768,488
1762255457435,769,488
1762255457452,769,489
1762255457474,769,490
1762255457502,771,493
1762255457518,772,496
1762255457535,772,497
1762255457551,772,500
1762255457673,772,498
1762255459564,792,409
1762255459989,791,410
1762255460016,788,412
1762255460033,788,414
1762255460050,788,419
1762255460066,787,421
1762255460085,787,422
1762255460099,787,424
1762255460122,787,425
1762255460149,787,426
1762255460166,787,427
1762255460225,787,428
1762255460237,787,429
1762255460269,787,432
1762255460299,787,433
1762255460311,787,434
1762255460366,787,435
1762255460383,788,436
1762255460401,788,437
1762255460416,790,439
1762255460432,791,439
1762255460449,792,440
1762255460466,792,441
1762255460483,793,444
1762255460542,793,446
1762255460578,794,447
1762255460599,794,448
1762255460622,794,449
1762255460649,794,450
1762255460665,794,451
1762255460682,794,452
1762255460732,794,455
1762255460755,794,456
1762255460792,794,457
1762255460816,794,458
1762255460865,794,462
1762255460917,794,463
1762255460938,794,464
1762255460951,794,465
1762255460982,794,469
1762255460999,794,471
1762255461027,794,472
1762255461056,794,473
1762255461086,794,474
1762255461098,794,475
1762255461123,794,477
1762255461149,794,479
1762255461204,794,480
1762255461265,794,481
1762255461315,794,482
1762255461402,794,484
1762255461415,793,485
1762255461491,792,486
1762255461548,791,487
1762255461565,791,488
1762255461615,791,491
1762255461631,791,492
1762255461648,790,493
1762255461711,788,494
1762255462072,788,493
1762255462098,788,490
1762255462123,789,489
1762255462152,789,488
1762255462182,789,487
1762255462204,789,486
-1,-1,-1
1762255398702,,
1762255413504,,
1762255423148,,
1762255439841,,
1762255443636,,
1762255447072,,
1762255451274,,
1762255455782,,
1762255459564,,
-1,-1,-1
1762255410274,,
1762255421794,,
1762255431667,,
1762255441700,,
1762255445232,,
1762255450168,,
1762255453090,,
1762255457684,,
1762255462226,,
