1762231835653,473.6000061035156,166.39999771118164
1762231835726,450.6000061035156,151.39999771118164
1762231835732,429.6000061035156,135.39999771118164
1762231835739,407.6000061035156,122.39999771118164
1762231835744,394.6000061035156,115.39999771118164
1762231835753,381.6000061035156,109.39999771118164
1762231835756,370.6000061035156,106.39999771118164
1762231835762,361.6000061035156,101.39999771118164
1762231835768,351.6000061035156,98.39999771118164
1762231835780,343.6000061035156,96.39999771118164
1762231835787,333.6000061035156,95.39999771118164
1762231835793,324.6000061035156,94.39999771118164
1762231835799,315.6000061035156,94.39999771118164
1762231835805,308.6000061035156,93.39999771118164
1762231835811,301.6000061035156,93.39999771118164
1762231835817,294.6000061035156,93.39999771118164
1762231835824,291.6000061035156,93.39999771118164
1762231835831,287.6000061035156,94.39999771118164
1762231835841,284.6000061035156,95.39999771118164
1762231835847,281.6000061035156,95.39999771118164
1762231835859,280.6000061035156,96.39999771118164
1762231835865,279.6000061035156,96.39999771118164
1762231835872,279.6000061035156,97.39999771118164
1762231835885,279.6000061035156,98.39999771118164
1762231835926,279.6000061035156,99.39999771118164
1762231835939,281.6000061035156,101.39999771118164
1762231835946,294.6000061035156,115.39999771118164
1762231835950,328.6000061035156,141.39999771118164
1762231835962,364.6000061035156,171.39999771118164
1762231835969,397.6000061035156,195.39999771118164
1762231835975,425.6000061035156,211.39999771118164
1762231835981,452.6000061035156,226.39999771118164
1762231835988,467.6000061035156,231.39999771118164
1762231835995,477.6000061035156,235.39999771118164
1762231835999,485.6000061035156,237.39999771118164
1762231836005,493.6000061035156,239.39999771118164
1762231836013,499.6000061035156,240.39999771118164
1762231836017,505.6000061035156,240.39999771118164
1762231836029,510.6000061035156,238.39999771118164
1762231836036,515.6000061035156,236.39999771118164
1762231836043,516.6000061035156,235.39999771118164
1762231836049,518.6000061035156,235.39999771118164
1762231836053,519.6000061035156,235.39999771118164
1762231836066,519.6000061035156,234.39999771118164
1762231836091,519.6000061035156,233.39999771118164
1762231836098,517.6000061035156,233.39999771118164
1762231836102,514.6000061035156,231.39999771118164
1762231836110,509.6000061035156,231.39999771118164
1762231836114,506.6000061035156,230.39999771118164
1762231836121,497.6000061035156,227.39999771118164
1762231836132,486.6000061035156,227.39999771118164
1762231836139,471.6000061035156,223.39999771118164
1762231836145,449.6000061035156,219.39999771118164
1762231836150,425.6000061035156,213.39999771118164
1762231836156,401.6000061035156,207.39999771118164
1762231836163,374.6000061035156,200.39999771118164
1762231836168,355.6000061035156,195.39999771118164
1762231836181,325.6000061035156,187.39999771118164
1762231836187,304.6000061035156,181.39999771118164
1762231836194,284.6000061035156,174.39999771118164
1762231836199,270.6000061035156,169.39999771118164
1762231836205,258.6000061035156,166.39999771118164
1762231836211,240.60000610351562,161.39999771118164
1762231836217,229.60000610351562,158.39999771118164
1762231836224,218.60000610351562,153.39999771118164
1762231836235,207.60000610351562,150.39999771118164
1762231836242,197.60000610351562,147.39999771118164
1762231836248,189.60000610351562,143.39999771118164
1762231836253,182.60000610351562,139.39999771118164
1762231836259,177.60000610351562,135.39999771118164
1762231836266,176.60000610351562,133.39999771118164
1762231836273,174.60000610351562,132.39999771118164
1762231836280,173.60000610351562,131.39999771118164
1762231836286,173.60000610351562,130.39999771118164
1762231836293,173.60000610351562,129.39999771118164
1762231836299,172.60000610351562,129.39999771118164
1762231836306,172.60000610351562,128.39999771118164
1762231836313,172.60000610351562,127.39999771118164
1762231836460,172.60000610351562,128.39999771118164
1762231836498,172.60000610351562,129.39999771118164
1762231836515,171.60000610351562,129.39999771118164
1762231836520,171.60000610351562,130.39999771118164
1762231836531,170.60000610351562,130.39999771118164
1762231836556,169.60000610351562,130.39999771118164
1762231836563,167.60000610351562,130.39999771118164
1762231836569,165.60000610351562,130.39999771118164
1762231836577,162.60000610351562,130.39999771118164
1762231836583,161.60000610351562,130.39999771118164
1762231836591,158.60000610351562,130.39999771118164
1762231836597,155.60000610351562,130.39999771118164
1762231836603,153.60000610351562,130.39999771118164
1762231836611,149.60000610351562,129.39999771118164
1762231836617,147.60000610351562,129.39999771118164
1762231836623,145.60000610351562,129.39999771118164
1762231836642,144.60000610351562,129.39999771118164
1762231836649,143.60000610351562,129.39999771118164
1762231836655,142.60000610351562,129.39999771118164
1762231836660,142.60000610351562,128.39999771118164
1762231836666,141.60000610351562,127.39999771118164
1762231837234,171.60000610351562,127.39999771118164
1762231837240,225.60000610351562,124.39999771118164
1762231837254,337.6000061035156,127.39999771118164
1762231837261,392.6000061035156,130.39999771118164
1762231837267,449.6000061035156,135.39999771118164
1762231837275,494.6000061035156,141.39999771118164
1762231837280,547.6000061035156,147.39999771118164
1762231837296,635.6000061035156,155.39999771118164
1762231837302,678.6000061035156,155.39999771118164
1762231837310,720.6000061035156,151.39999771118164
1762231837316,749.6000061035156,147.39999771118164
1762231837323,776.6000061035156,140.39999771118164
1762231838243,767.6000061035156,219.39999771118164
1762231838253,762.6000061035156,259.39999771118164
1762231838259,754.6000061035156,302.39999771118164
1762231838266,751.6000061035156,340.39999771118164
1762231838271,748.6000061035156,376.39999771118164
1762231838277,746.6000061035156,410.39999771118164
1762231838284,742.6000061035156,451.39999771118164
1762231838292,741.6000061035156,482.39999771118164
1762231838296,741.6000061035156,509.39999771118164
1762231838302,737.6000061035156,540.3999977111816
1762231838308,737.6000061035156,564.3999977111816
1762231838316,737.6000061035156,583.3999977111816
1762231838323,738.6000061035156,601.3999977111816
-1,-1,-1
1762231836881,141.60000610351562,127.39999771118164
1762231837597,776.6000061035156,140.39999771118164
-1,-1,-1
1762231836881,,
1762231837597,,
-1,-1,-1
1762231837103,,
1762231837820,,
