1767417230548,224.5,367
1767417235017,46.5,213
1767417235288,46.5,215
1767417235317,46.5,218
1767417235348,46.5,223
1767417235377,46.5,226
1767417235406,46.5,232
1767417235435,46.5,235
1767417235465,46.5,237
1767417235494,46.5,239
1767417235524,46.5,243
1767417235552,46.5,245
1767417235583,46.5,246
1767417235612,46.5,248
1767417235641,46.5,250
1767417235670,46.5,253
1767417235702,46.5,254
1767417235730,46.5,255
1767417235760,46.5,257
1767417235790,46.5,258
1767417235945,46.5,256
1767417235975,45.5,245
1767417236004,45.5,240
1767417236033,45.5,238
1767417236062,45.5,236
1767417236092,44.5,233
1767417236123,44.5,232
1767417236152,44.5,231
1767417236181,44.5,230
1767417236241,44.5,229
1767417236270,44.5,227
1767417236300,44.5,224
1767417236329,44.5,221
1767417236358,44.5,220
1767417236387,44.5,219
1767417236418,44.5,218
1767417236447,44.5,217
1767417236506,44.5,216
1767417236536,44.5,215
1767417236565,44.5,212
1767417236594,44.5,211
1767417236623,44.5,210
1767417236663,44.5,209
1767417237116,44.5,214
1767417237133,44.5,218
1767417237155,44.5,223
1767417237173,44.5,226
1767417237192,44.5,229
1767417237213,44.5,232
1767417237234,44.5,234
1767417237253,44.5,237
1767417237274,44.5,239
1767417237297,44.5,241
1767417237320,44.5,245
1767417237341,44.5,246
1767417237362,44.5,248
1767417237384,44.5,249
1767417237402,44.5,252
1767417237421,44.5,253
1767417237443,44.5,255
1767417237470,44.5,257
1767417237490,44.5,259
1767417237521,44.5,260
1767417237552,44.5,261
1767417237721,44.5,262
1767417237739,44.5,263
1767417237793,44.5,264
1767417237854,44.5,265
1767417237903,44.5,266
1767417238089,44.5,267
1767417238107,45.5,268
1767417238136,45.5,269
1767417238188,45.5,270
1767417238235,46.5,271
1767417238254,46.5,272
1767417238308,47.5,273
1767417238335,47.5,274
1767417238573,47.5,270
1767417238604,47.5,265
1767417238626,47.5,261
1767417238647,47.5,259
1767417238668,46.5,255
1767417238690,46.5,254
1767417238713,46.5,252
1767417238736,46.5,251
1767417238756,46.5,249
1767417238777,45.5,249
1767417238796,45.5,245
1767417238819,44.5,240
1767417238842,43.5,233
1767417238863,42.5,230
1767417238882,42.5,229
1767417238904,42.5,227
1767417238936,42.5,226
1767417238955,42.5,225
1767417238973,42.5,224
1767417239241,40.5,227
1767417239273,40.5,229
1767417239295,40.5,233
1767417239316,40.5,234
1767417239339,40.5,236
1767417239360,40.5,238
1767417239380,40.5,239
1767417239403,40.5,241
1767417239426,40.5,242
1767417239446,40.5,243
1767417239471,40.5,244
1767417239723,40.5,238
1767417239755,40.5,235
1767417239777,40.5,232
1767417239796,40.5,229
1767417239818,40.5,228
1767417239839,40.5,225
1767417239862,40.5,223
1767417239884,41.5,220
1767417239906,41.5,218
1767417239928,42.5,215
1767417239951,42.5,213
1767417239973,44.5,206
1767417239999,45.5,205
1767417240022,45.5,202
1767417240047,46.5,201
1767417240074,46.5,199
1767417240099,48.5,195
1767417240127,49.5,193
1767417240162,49.5,192
1767417240193,49.5,191
1767417240337,49.5,197
1767417240368,50.5,202
1767417240390,50.5,208
1767417240421,50.5,213
1767417240450,50.5,217
1767417240471,50.5,218
1767417240487,50.5,219
1767417240503,50.5,221
1767417240521,50.5,222
1767417240537,50.5,223
1767417240571,50.5,224
1767417240599,50.5,225
1767417240623,50.5,226
1767417240734,50.5,225
1767417240784,50.5,223
1767417240837,50.5,221
1767417241006,50.5,223
1767417241037,50.5,225
1767417241060,50.5,230
1767417241080,50.5,232
1767417241103,50.5,234
1767417241124,50.5,236
1767417241144,50.5,238
1767417241166,50.5,239
1767417241191,50.5,242
1767417241220,50.5,243
1767417241251,50.5,244
1767417241454,50.5,242
1767417241473,49.5,239
1767417241505,48.5,235
1767417241536,47.5,232
1767417241555,46.5,230
1767417241578,46.5,228
1767417241602,46.5,223
1767417241625,46.5,221
1767417241646,46.5,218
1767417241669,46.5,213
1767417241691,46.5,212
1767417241715,46.5,211
1767417241734,46.5,210
1767417241755,46.5,209
1767417241786,46.5,208
1767417241917,44.5,211
1767417241950,42.5,215
1767417241972,40.5,222
1767417242002,38.5,227
1767417242033,38.5,229
1767417242053,37.5,231
1767417242074,37.5,232
1767417242097,37.5,233
1767417242120,37.5,234
1767417242393,36.5,232
1767417242411,36.5,229
1767417242434,36.5,227
1767417242456,36.5,224
1767417242479,36.5,222
1767417242501,37.5,219
1767417242526,38.5,213
1767417242548,38.5,210
1767417242571,40.5,205
1767417242594,40.5,203
1767417242617,41.5,202
1767417242640,42.5,200
1767417242670,44.5,195
1767417242700,44.5,193
1767417242766,44.5,192
1767417242785,44.5,191
1767417243369,49.5,188
1767417243399,58.5,181
1767417243429,65.5,173
1767417243458,68.5,171
1767417243487,70.5,168
1767417243518,71.5,167
1767417243546,72.5,166
1767417243576,74.5,165
1767417243604,75.5,164
1767417243633,76.5,163
1767417243664,77.5,163
1767417243864,76.5,163
1767417243893,72.5,164
1767417243922,71.5,164
1767417243951,69.5,165
1767417244028,77.5,166
1767417244058,111.5,164
1767417244087,124.5,164
1767417244118,150.5,167
1767417244148,160.5,170
1767417244178,164.5,172
1767417244208,165.5,173
1767417244238,166.5,174
1767417244267,166.5,175
1767417244296,166.5,177
1767417244326,166.5,182
1767417244356,165.5,186
1767417244385,163.5,189
1767417244415,163.5,190
1767417244445,163.5,192
1767417244475,163.5,193
1767417244504,162.5,195
1767417244533,163.5,197
1767417244563,165.5,200
1767417244592,167.5,202
1767417244621,171.5,206
1767417244651,172.5,207
1767417244680,175.5,210
1767417244710,178.5,211
1767417244740,180.5,212
1767417244797,182.5,213
1767417244826,183.5,213
1767417245166,184.5,213
1767417245529,184.5,213
1767417245649,184.5,215
1767417245668,184.5,219
1767417245690,184.5,222
1767417245708,184.5,226
1767417245727,184.5,228
1767417245751,184.5,231
1767417245774,184.5,235
1767417245796,184.5,236
1767417245819,184.5,237
1767417245842,184.5,240
1767417245865,184.5,242
1767417245889,184.5,243
1767417245912,184.5,246
1767417245936,184.5,247
1767417245968,184.5,248
1767417246006,184.5,249
1767417246028,184.5,250
1767417246085,184.5,251
1767417246103,184.5,253
1767417246136,184.5,254
1767417246168,184.5,255
1767417246190,184.5,256
1767417246209,184.5,257
1767417246239,184.5,258
1767417246268,184.5,259
1767417246302,184.5,260
1767417246337,184.5,261
1767417246371,184.5,262
1767417246403,184.5,263
1767417246528,184.5,264
1767417246561,184.5,265
1767417246583,184.5,267
1767417246621,184.5,268
1767417246674,184.5,269
1767417246706,184.5,270
1767417246994,185.5,270
1767417247013,185.5,267
1767417247035,185.5,265
1767417247058,185.5,261
1767417247089,185.5,258
1767417247120,185.5,257
1767417247155,185.5,255
1767417247178,185.5,251
1767417247201,185.5,247
1767417247224,185.5,238
1767417247247,185.5,235
1767417247270,185.5,231
1767417247293,185.5,230
1767417247316,185.5,228
1767417247339,185.5,226
1767417247369,185.5,225
1767417247438,186.5,221
1767417247457,187.5,220
1767417247479,187.5,219
1767417247537,187.5,217
1767417247863,188.5,217
1767417247895,189.5,219
1767417247917,189.5,223
1767417247941,189.5,227
1767417247965,190.5,230
1767417247986,190.5,236
1767417248010,190.5,239
1767417248033,190.5,241
1767417248058,190.5,246
1767417248079,190.5,248
1767417248103,190.5,250
1767417248126,190.5,254
1767417248149,190.5,256
1767417248173,190.5,259
1767417248196,190.5,260
1767417248220,190.5,261
1767417248242,190.5,262
1767417248264,190.5,263
1767417248524,190.5,261
1767417248543,190.5,259
1767417248566,189.5,256
1767417248590,189.5,253
1767417248613,189.5,252
1767417248636,189.5,249
1767417248696,189.5,248
1767417248719,189.5,246
1767417248791,189.5,244
1767417248810,189.5,243
1767417248834,189.5,239
1767417248858,189.5,238
1767417248881,189.5,237
1767417248904,189.5,235
1767417248927,189.5,234
1767417248952,189.5,232
1767417248979,189.5,231
1767417249002,191.5,227
1767417249024,191.5,225
1767417249047,192.5,223
1767417249071,192.5,222
1767417249094,193.5,220
1767417249152,193.5,218
1767417249440,193.5,220
1767417249460,193.5,222
1767417249484,193.5,225
1767417249508,193.5,227
1767417249533,193.5,229
1767417249557,193.5,232
1767417249581,193.5,233
1767417249605,193.5,235
1767417249676,193.5,237
1767417249696,193.5,238
1767417249721,193.5,239
1767417249753,194.5,240
1767417249786,194.5,241
1767417250074,194.5,240
1767417250093,194.5,239
1767417250116,194.5,238
1767417250140,194.5,237
1767417250164,194.5,236
1767417250188,193.5,235
1767417250221,193.5,233
1767417250243,192.5,226
1767417250266,191.5,218
1767417250290,190.5,213
1767417250313,189.5,210
1767417250369,189.5,206
1767417250401,189.5,205
1767417250435,189.5,204
1767417250454,189.5,203
1767417250688,189.5,204
1767417250720,187.5,206
1767417250744,186.5,209
1767417250768,185.5,212
1767417250801,183.5,216
1767417250825,182.5,218
1767417250849,181.5,221
1767417250873,181.5,224
1767417250897,181.5,226
1767417250921,181.5,230
1767417250944,181.5,231
1767417250966,181.5,233
1767417250989,181.5,234
1767417251012,181.5,235
1767417251039,181.5,236
1767417251062,181.5,237
1767417251391,181.5,235
1767417251411,181.5,234
1767417251434,181.5,231
1767417251457,181.5,230
1767417251480,181.5,228
1767417251505,181.5,227
1767417251529,181.5,225
1767417251553,181.5,223
1767417251576,181.5,220
1767417251600,181.5,219
1767417251623,181.5,216
1767417251654,181.5,215
1767417251685,180.5,213
1767417251710,180.5,206
1767417251734,180.5,203
1767417251758,180.5,199
1767417251781,180.5,197
1767417251806,180.5,194
1767417251837,180.5,193
1767417251869,180.5,192
1767417251889,180.5,191
1767417252295,181.5,191
1767417252327,182.5,192
1767417252352,184.5,195
1767417252375,185.5,196
1767417252399,185.5,197
1767417252423,187.5,199
1767417252454,188.5,200
1767417252474,188.5,201
1767417252505,189.5,202
1767417252529,190.5,203
1767417252569,190.5,204
1767417252685,190.5,205
1767417252863,190.5,206
1767417253362,190.5,221
1767417253380,190.5,235
1767417253411,188.5,251
1767417253442,184.5,278
1767417253470,179.5,299
1767417253501,177.5,305
1767417253532,175.5,308
1767417254419,175.5,305
1767417254449,173.5,293
1767417254477,167.5,259
1767417254506,167.5,254
1767417254537,167.5,253
1767417254566,167.5,252
1767417255032,164.5,249
1767417255049,160.5,246
1767417255078,156.5,241
1767417255108,129.5,197
1767417255138,111.5,165
1767417255167,107.5,158
1767417255196,98.5,146
1767417255225,93.5,140
1767417255255,90.5,137
1767417255285,89.5,136
1767417255314,88.5,135
1767417255499,90.5,140
1767417255528,94.5,145
1767417255558,97.5,150
1767417255588,98.5,152
1767417255618,99.5,153
1767417255647,100.5,155
1767417255677,100.5,156
1767417255707,100.5,157
1767417256284,100.5,158
1767417256315,98.5,162
1767417256345,97.5,164
1767417256375,96.5,167
1767417256405,96.5,169
1767417256434,96.5,170
1767417256463,96.5,171
1767417256586,96.5,172
1767417256616,96.5,174
1767417256646,96.5,177
1767417256676,96.5,178
1767417256705,96.5,179
1767417256843,96.5,176
1767417256873,96.5,175
1767417256904,97.5,172
1767417256933,98.5,170
1767417256993,98.5,169
1767417257195,99.5,169
1767417257229,101.5,169
1767417257253,103.5,169
1767417257282,104.5,169
1767417257311,110.5,169
1767417257339,113.5,169
1767417257369,118.5,169
1767417257398,123.5,169
1767417257428,126.5,169
1767417257458,129.5,168
1767417257487,132.5,170
1767417257517,134.5,176
1767417257546,134.5,190
1767417257576,132.5,199
1767417257604,130.5,207
1767417257634,129.5,210
1767417257664,128.5,215
1767417257695,125.5,221
1767417257723,123.5,227
1767417257753,122.5,229
1767417257783,121.5,231
1767417257813,119.5,233
1767417257842,119.5,234
1767417258276,119.5,233
1767417258306,119.5,228
1767417258335,119.5,227
1767417258366,119.5,225
1767417258396,119.5,224
1767417258426,119.5,223
1767417258579,119.5,222
1767417258613,119.5,221
1767417258639,118.5,221
1767417258714,118.5,220
1767417259116,118.5,219
1767417259676,117.5,221
1767417259705,115.5,222
1767417259734,113.5,223
1767417259764,110.5,225
1767417259794,106.5,228
1767417259823,104.5,229
1767417259853,104.5,230
1767417259882,103.5,230
1767417260081,102.5,230
1767417260109,101.5,230
1767417260139,98.5,227
1767417260168,96.5,224
1767417260197,94.5,221
1767417260227,93.5,220
1767417260256,93.5,218
1767417260287,93.5,216
1767417260316,93.5,215
1767417260344,93.5,212
1767417260373,93.5,211
1767417260402,93.5,210
1767417260433,93.5,209
1767417260648,93.5,207
1767417260678,93.5,204
1767417260708,93.5,203
1767417260737,93.5,201
1767417260768,93.5,200
1767417260797,93.5,199
1767417261045,93.5,198
1767417261075,91.5,194
1767417261104,86.5,187
1767417261133,84.5,184
1767417261165,81.5,180
1767417261194,79.5,178
1767417261223,78.5,176
1767417261253,78.5,175
1767417261282,77.5,172
1767417261312,77.5,168
1767417261342,77.5,166
1767417261372,77.5,165
1767417261400,77.5,164
1767417261430,77.5,163
1767417261460,77.5,162
1767417261490,77.5,161
1767417261784,78.5,161
1767417261813,79.5,161
1767417261982,80.5,159
1767417262313,80.5,159
1767417262418,80.5,160
1767417262437,80.5,163
1767417262460,80.5,164
1767417262485,80.5,166
1767417262509,80.5,169
1767417262534,80.5,171
1767417262560,82.5,175
1767417262586,82.5,177
1767417262615,84.5,180
1767417262640,84.5,181
1767417262663,85.5,184
1767417262686,87.5,188
1767417262710,87.5,190
1767417262734,87.5,191
1767417262760,88.5,194
1767417262784,88.5,195
1767417262809,89.5,200
1767417262834,89.5,201
1767417262858,89.5,206
1767417262883,89.5,207
1767417262908,90.5,215
1767417262932,91.5,219
1767417262956,91.5,225
1767417262978,91.5,228
1767417263003,91.5,230
1767417263028,92.5,239
1767417263051,92.5,245
1767417263075,93.5,252
1767417263105,93.5,257
1767417263135,93.5,263
1767417263158,93.5,265
1767417263174,93.5,268
1767417263191,93.5,270
1767417263207,93.5,271
1767417263223,93.5,273
1767417263255,93.5,275
1767417263287,93.5,276
1767417263402,93.5,273
1767417263434,93.5,265
1767417263457,93.5,259
1767417263481,90.5,245
1767417263505,89.5,241
1767417263529,89.5,240
1767417263553,88.5,237
1767417263586,88.5,236
1767417263611,88.5,235
1767417263667,87.5,235
1767417263689,81.5,244
1767417263713,79.5,248
1767417263737,77.5,254
1767417263762,76.5,256
1767417263786,76.5,261
1767417263811,76.5,263
1767417263835,76.5,265
1767417263859,76.5,268
1767417263882,76.5,269
1767417263937,77.5,265
1767417263958,79.5,260
1767417263981,80.5,254
1767417264006,81.5,253
1767417264031,83.5,248
1767417264057,86.5,242
1767417264081,87.5,240
1767417264106,88.5,236
1767417264130,89.5,234
1767417264154,90.5,234
1767417264178,91.5,232
1767417264205,91.5,233
1767417264236,91.5,237
1767417264259,91.5,256
1767417264284,90.5,261
1767417264308,88.5,271
1767417264333,88.5,273
1767417264357,87.5,277
1767417264381,87.5,278
1767417264407,87.5,281
1767417264437,87.5,282
1767417264491,87.5,281
1767417264510,88.5,272
1767417264534,88.5,267
1767417264558,88.5,262
1767417264586,88.5,255
1767417264611,88.5,253
1767417264635,88.5,250
1767417264660,88.5,247
1767417264685,88.5,246
1767417264709,88.5,245
1767417264766,83.5,253
1767417264787,81.5,257
1767417264810,78.5,261
1767417264835,77.5,264
1767417264858,76.5,265
1767417264881,75.5,266
1767417264905,74.5,266
1767417264977,74.5,260
1767417264997,74.5,257
1767417265021,74.5,253
1767417265045,74.5,251
1767417265070,74.5,249
1767417265094,74.5,244
1767417265119,74.5,242
1767417265142,74.5,237
1767417265167,74.5,235
1767417265192,74.5,231
1767417265217,74.5,230
1767417265243,74.5,227
1767417265267,74.5,225
1767417265293,75.5,223
1767417265322,75.5,222
1767417265342,76.5,220
1767417265367,77.5,220
1767417265392,78.5,217
1767417265416,79.5,216
1767417265441,80.5,213
1767417265465,81.5,211
1767417265491,83.5,207
1767417265507,84.5,204
1767417265524,85.5,203
1767417265540,85.5,202
1767417265557,86.5,200
1767417265602,88.5,198
1767417265668,89.5,200
1767417265689,89.5,205
1767417265714,89.5,215
1767417265740,89.5,221
1767417265764,89.5,228
1767417265788,89.5,232
1767417265813,89.5,234
1767417265838,89.5,237
1767417265870,89.5,238
1767417265957,88.5,231
1767417265977,88.5,225
1767417266002,88.5,221
1767417266026,88.5,217
1767417266051,88.5,213
1767417266075,88.5,211
1767417266100,88.5,209
1767417266124,88.5,205
1767417266150,88.5,204
1767417266176,88.5,203
1767417266201,88.5,202
1767417266235,86.5,207
1767417266258,85.5,211
1767417266274,84.5,214
1767417266290,84.5,216
1767417266307,83.5,218
1767417266324,82.5,220
1767417266340,81.5,222
1767417266356,81.5,223
1767417266372,80.5,224
1767417266406,80.5,225
1767417266501,80.5,217
1767417266525,80.5,212
1767417266547,80.5,207
1767417266573,80.5,204
1767417266597,80.5,199
1767417266624,80.5,196
1767417266650,80.5,194
1767417266675,79.5,190
1767417266699,79.5,189
1767417266724,79.5,187
1767417266749,79.5,186
1767417266775,79.5,185
1767417266803,80.5,184
1767417266827,80.5,182
1767417266853,81.5,180
1767417266926,83.5,177
1767417266946,84.5,177
1767417266971,85.5,174
1767417267003,85.5,173
1767417267051,86.5,171
1767417267084,87.5,171
1767417267107,89.5,173
1767417267132,95.5,190
1767417267158,97.5,209
1767417267183,97.5,212
1767417267209,97.5,216
1767417267234,97.5,217
1767417267259,97.5,219
1767417267351,97.5,216
1767417267382,98.5,210
1767417267408,100.5,203
1767417267433,101.5,200
1767417267458,104.5,191
1767417267483,106.5,187
1767417267508,109.5,182
1767417267533,110.5,181
1767417267558,111.5,178
1767417267615,112.5,182
1767417267637,107.5,201
1767417267661,104.5,207
1767417267687,103.5,210
1767417267712,102.5,212
1767417267738,100.5,214
1767417267802,100.5,213
1767417267823,100.5,202
1767417267848,101.5,197
1767417267873,101.5,191
1767417267898,101.5,190
1767417267926,101.5,187
1767417267952,102.5,183
1767417267976,103.5,178
1767417268002,104.5,175
1767417268034,104.5,174
1767417268057,104.5,173
1767417268118,103.5,175
1767417268147,100.5,179
1767417268175,98.5,182
1767417268199,97.5,184
1767417268225,95.5,186
1767417268251,94.5,187
1767417268318,94.5,182
1767417268339,94.5,179
1767417268371,94.5,174
1767417268392,94.5,172
1767417268417,94.5,171
1767417268441,94.5,169
1767417268465,94.5,168
1767417268490,94.5,167
1767417268618,93.5,166
1767417268639,92.5,166
1767417268672,91.5,166
1767417268705,90.5,166
1767417268728,89.5,166
1767417268744,88.5,165
1767417268786,87.5,164
1767417268810,86.5,163
1767417268826,85.5,163
1767417268894,85.5,162
1767417268969,87.5,162
1767417268991,92.5,162
1767417269016,99.5,161
1767417269041,109.5,161
1767417269068,112.5,161
1767417269094,116.5,163
1767417269119,121.5,164
1767417269144,123.5,165
1767417269170,127.5,165
1767417269195,128.5,165
1767417269221,130.5,165
1767417269255,133.5,166
1767417269271,135.5,166
1767417269304,138.5,166
1767417269329,140.5,167
1767417269367,142.5,167
1767417269401,143.5,167
1767417269420,144.5,167
1767417269452,145.5,167
1767417269534,137.5,167
1767417269569,112.5,166
1767417269603,98.5,165
1767417269626,96.5,165
1767417269649,94.5,165
1767417269673,90.5,165
1767417269699,89.5,165
1767417269725,88.5,165
1767417269751,86.5,165
1767417269834,87.5,163
1767417269854,91.5,162
1767417269871,94.5,161
1767417269888,97.5,160
1767417269922,101.5,159
1767417269948,109.5,158
1767417269974,116.5,158
1767417269998,119.5,158
1767417270026,125.5,157
1767417270052,130.5,157
1767417270085,134.5,157
1767417270109,137.5,156
1767417270132,138.5,156
1767417270157,142.5,156
1767417270182,143.5,156
1767417270210,146.5,155
1767417270236,149.5,154
1767417270261,150.5,154
1767417270288,151.5,154
1767417270313,152.5,154
1767417270338,153.5,154
1767417270364,154.5,154
1767417270519,154.5,158
1767417270540,152.5,162
1767417270565,149.5,168
1767417270590,147.5,171
1767417270616,142.5,178
1767417270641,139.5,183
1767417270666,138.5,185
1767417270694,136.5,188
1767417270719,135.5,190
1767417270834,136.5,188
1767417270853,139.5,183
1767417270869,141.5,179
1767417270901,143.5,173
1767417270927,146.5,168
1767417270969,147.5,164
1767417270992,148.5,162
1767417271017,149.5,161
1767417271083,151.5,167
1767417271103,150.5,177
1767417271120,148.5,183
1767417271136,146.5,188
1767417271153,142.5,196
1767417271170,139.5,200
1767417271187,137.5,204
1767417271221,135.5,206
1767417271245,134.5,207
1767417271283,132.5,205
1767417271303,130.5,201
1767417271319,129.5,196
1767417271335,128.5,193
1767417271351,127.5,191
1767417271367,127.5,189
1767417271401,126.5,187
1767417271427,126.5,186
1767417271454,126.5,184
1767417271486,126.5,183
1767417271567,122.5,197
1767417271586,118.5,210
1767417271602,114.5,222
1767417271618,112.5,226
1767417271650,111.5,229
1767417271675,110.5,231
1767417271750,114.5,224
1767417271773,120.5,209
1767417271798,123.5,203
1767417271828,125.5,196
1767417271859,126.5,193
1767417271875,126.5,192
1767417271908,126.5,191
1767417271935,126.5,190
1767417271992,124.5,199
1767417272015,115.5,217
1767417272041,102.5,242
1767417272066,99.5,246
1767417272092,98.5,248
1767417272121,97.5,249
1767417272195,99.5,238
1767417272217,109.5,208
1767417272243,111.5,204
1767417272272,114.5,197
1767417272297,115.5,194
1767417272324,117.5,191
1767417272351,121.5,185
1767417272377,123.5,181
1767417272406,124.5,178
1767417272432,125.5,177
1767417272517,121.5,180
1767417272534,114.5,186
1767417272566,107.5,193
1767417272583,104.5,195
1767417272599,101.5,197
1767417272615,100.5,197
1767417272631,99.5,198
1767417272672,98.5,198
1767417272717,101.5,194
1767417272740,105.5,189
1767417272766,109.5,185
1767417272792,117.5,178
1767417272819,121.5,176
1767417272848,123.5,175
1767417272874,124.5,174
1767417272906,125.5,173
1767417272923,124.5,174
1767417272955,115.5,180
1767417272981,110.5,184
1767417273008,106.5,188
1767417273034,105.5,189
1767417273060,105.5,191
1767417273102,114.5,191
1767417273125,120.5,188
1767417273151,124.5,186
1767417273180,129.5,182
1767417273208,133.5,180
1767417273235,136.5,178
1767417273260,137.5,178
1767417273286,141.5,182
1767417273314,143.5,193
1767417273342,143.5,219
1767417273368,142.5,224
1767417273394,142.5,226
1767417273485,142.5,224
1767417273507,143.5,217
1767417273533,144.5,213
1767417273561,144.5,205
1767417273587,144.5,202
1767417273613,145.5,199
1767417273640,146.5,195
1767417273666,147.5,193
1767417273694,148.5,190
1767417273721,148.5,188
1767417273747,148.5,187
1767417273772,149.5,186
1767417273799,150.5,190
1767417273831,151.5,203
1767417273847,151.5,211
1767417273863,151.5,214
1767417273880,150.5,222
1767417273895,150.5,224
1767417273912,149.5,226
1767417273944,149.5,228
1767417273971,149.5,231
1767417273997,149.5,232
1767417274023,149.5,231
1767417274050,149.5,218
1767417274077,149.5,214
1767417274103,149.5,208
1767417274132,149.5,206
1767417274160,149.5,200
1767417274187,149.5,194
1767417274215,149.5,192
1767417274247,149.5,190
1767417274263,150.5,187
1767417274296,151.5,182
1767417274324,152.5,180
1767417274351,152.5,179
1767417274385,152.5,178
1767417274409,152.5,177
1767417274674,152.5,179
1767417274706,153.5,185
1767417274732,151.5,205
1767417274759,151.5,214
1767417274788,151.5,231
1767417274814,151.5,235
1767417274841,151.5,245
1767417274866,151.5,248
1767417274892,151.5,258
1767417274918,151.5,263
1767417274944,151.5,265
1767417274970,151.5,266
1767417274997,151.5,268
1767417275072,151.5,266
1767417275094,151.5,262
1767417275121,151.5,259
1767417275148,151.5,255
1767417275175,151.5,252
1767417275202,151.5,249
1767417275235,151.5,248
1767417275318,151.5,250
1767417275334,151.5,253
1767417275366,151.5,254
1767417275394,151.5,258
1767417275422,151.5,260
1767417275501,151.5,258
1767417275524,151.5,255
1767417275549,151.5,252
1767417275577,151.5,247
1767417275605,151.5,244
1767417275631,151.5,234
1767417275649,151.5,231
1767417275665,151.5,228
1767417275683,151.5,225
1767417275700,151.5,223
1767417275716,151.5,221
1767417275733,152.5,220
1767417275750,152.5,219
1767417275767,152.5,218
1767417275862,152.5,220
1767417275885,152.5,224
1767417275911,152.5,227
1767417275939,152.5,230
1767417275966,153.5,233
1767417275994,153.5,237
1767417276021,153.5,241
1767417276047,153.5,243
1767417276074,152.5,247
1767417276101,152.5,249
1767417276137,152.5,251
1767417276170,152.5,252
1767417276244,152.5,251
1767417276267,150.5,248
1767417276293,148.5,236
1767417276320,148.5,229
1767417276347,148.5,226
1767417276363,148.5,225
1767417276380,148.5,222
1767417276396,148.5,220
1767417276461,147.5,223
1767417276484,144.5,235
1767417276512,142.5,246
1767417276543,139.5,258
1767417276559,138.5,261
1767417276576,137.5,263
1767417276592,137.5,264
1767417276610,137.5,266
1767417276644,136.5,267
1767417276671,136.5,268
1767417276698,136.5,267
1767417276725,135.5,251
1767417276753,135.5,243
1767417276778,135.5,240
1767417276805,135.5,239
1767417276835,135.5,236
1767417276861,135.5,235
1767417276887,135.5,234
1767417276963,134.5,240
1767417276989,132.5,248
1767417277016,131.5,251
1767417277044,128.5,256
1767417277071,127.5,258
1767417277099,124.5,263
1767417277126,122.5,266
1767417277154,121.5,268
1767417277213,120.5,265
1767417277239,122.5,250
1767417277265,126.5,237
1767417277294,130.5,224
1767417277321,131.5,221
1767417277349,133.5,215
1767417277376,134.5,213
1767417277403,135.5,212
1767417277430,135.5,211
1767417277457,135.5,210
1767417277519,131.5,221
1767417277542,126.5,229
1767417277570,120.5,241
1767417277596,118.5,246
1767417277613,115.5,250
1767417277647,106.5,262
1767417277666,100.5,267
1767417277681,98.5,270
1767417277698,96.5,272
1767417277715,94.5,274
1767417277732,93.5,275
1767417277753,91.5,276
1767417277804,91.5,269
1767417277828,97.5,252
1767417277856,102.5,241
1767417277883,104.5,235
1767417277910,104.5,234
1767417277938,105.5,233
1767417277966,107.5,231
1767417278073,107.5,230
1767417278104,106.5,232
1767417278129,104.5,234
1767417278155,101.5,237
1767417278183,99.5,238
1767417278210,98.5,239
1767417278284,103.5,232
1767417278307,106.5,227
1767417278334,111.5,222
1767417278362,113.5,219
1767417278390,116.5,216
1767417278417,117.5,215
1767417278445,118.5,215
1767417278484,118.5,217
1767417278520,118.5,223
1767417278540,118.5,225
1767417278556,118.5,227
1767417278572,119.5,229
1767417278588,120.5,230
1767417278605,121.5,232
1767417278638,121.5,233
1767417278669,123.5,234
1767417278695,124.5,234
1767417278719,125.5,233
1767417278746,128.5,231
1767417278773,131.5,227
1767417278800,133.5,225
1767417278828,136.5,223
1767417278844,137.5,222
1767417278860,139.5,224
1767417278893,138.5,236
1767417278921,131.5,244
1767417278949,125.5,249
1767417278978,117.5,254
1767417278994,114.5,255
1767417279011,112.5,256
1767417279044,109.5,257
1767417279067,107.5,258
1767417279094,106.5,258
1767417279126,105.5,258
1767417279234,111.5,257
1767417279266,125.5,256
1767417279295,142.5,256
1767417279322,147.5,257
1767417279351,150.5,257
1767417279379,151.5,257
1767417279408,153.5,257
1767417279437,154.5,257
1767417279535,154.5,256
1767417279557,153.5,254
1767417279573,153.5,253
1767417279589,152.5,252
1767417279605,151.5,249
1767417279622,151.5,246
1767417279640,149.5,238
1767417279673,147.5,230
1767417279702,146.5,225
1767417279736,146.5,222
1767417279761,146.5,221
1767417279777,146.5,220
1767417279842,146.5,218
1767417279915,146.5,217
1767417279939,146.5,216
1767417280222,146.5,217
1767417280432,139.5,225
1767417280450,130.5,239
1767417280479,101.5,306
1767417280509,91.5,338
1767417280538,85.5,356
1767417280567,85.5,357
1767417280785,83.5,363
1767417280816,66.5,414
1767417280845,54.5,456
1767417280874,49.5,473
1767417280904,46.5,481
1767417281105,51.5,488
1767417281136,76.5,511
1767417281166,135.5,541
1767417281195,174.5,557
1767417281224,209.5,569
1767417281253,213.5,571
1767417281423,225.5,570
1767417281454,277.5,568
1767417281483,416.5,589
-1,-1,-1
1767417236821,44.5,209
1767417237116,44.5,214
1767417237133,44.5,218
1767417237155,44.5,223
1767417237173,44.5,226
1767417237192,44.5,229
1767417237213,44.5,232
1767417237234,44.5,234
1767417237253,44.5,237
1767417237274,44.5,239
1767417237297,44.5,241
1767417237320,44.5,245
1767417237341,44.5,246
1767417237362,44.5,248
1767417237384,44.5,249
1767417237402,44.5,252
1767417237421,44.5,253
1767417237443,44.5,255
1767417237470,44.5,257
1767417237490,44.5,259
1767417237521,44.5,260
1767417237552,44.5,261
1767417237721,44.5,262
1767417237739,44.5,263
1767417237793,44.5,264
1767417237854,44.5,265
1767417237903,44.5,266
1767417238089,44.5,267
1767417238107,45.5,268
1767417238136,45.5,269
1767417238188,45.5,270
1767417238235,46.5,271
1767417238254,46.5,272
1767417238308,47.5,273
1767417238335,47.5,274
1767417238573,47.5,270
1767417238604,47.5,265
1767417238626,47.5,261
1767417238647,47.5,259
1767417238668,46.5,255
1767417238690,46.5,254
1767417238713,46.5,252
1767417238736,46.5,251
1767417238756,46.5,249
1767417238777,45.5,249
1767417238796,45.5,245
1767417238819,44.5,240
1767417238842,43.5,233
1767417238863,42.5,230
1767417238882,42.5,229
1767417238904,42.5,227
1767417238936,42.5,226
1767417238955,42.5,225
1767417238973,42.5,224
1767417239241,40.5,227
1767417239273,40.5,229
1767417239295,40.5,233
1767417239316,40.5,234
1767417239339,40.5,236
1767417239360,40.5,238
1767417239380,40.5,239
1767417239403,40.5,241
1767417239426,40.5,242
1767417239446,40.5,243
1767417239471,40.5,244
1767417239723,40.5,238
1767417239755,40.5,235
1767417239777,40.5,232
1767417239796,40.5,229
1767417239818,40.5,228
1767417239839,40.5,225
1767417239862,40.5,223
1767417239884,41.5,220
1767417239906,41.5,218
1767417239928,42.5,215
1767417239951,42.5,213
1767417239973,44.5,206
1767417239999,45.5,205
1767417240022,45.5,202
1767417240047,46.5,201
1767417240074,46.5,199
1767417240099,48.5,195
1767417240127,49.5,193
1767417240162,49.5,192
1767417240193,49.5,191
1767417240337,49.5,197
1767417240368,50.5,202
1767417240390,50.5,208
1767417240421,50.5,213
1767417240450,50.5,217
1767417240471,50.5,218
1767417240487,50.5,219
1767417240503,50.5,221
1767417240521,50.5,222
1767417240537,50.5,223
1767417240571,50.5,224
1767417240599,50.5,225
1767417240623,50.5,226
1767417240734,50.5,225
1767417240784,50.5,223
1767417240837,50.5,221
1767417241006,50.5,223
1767417241037,50.5,225
1767417241060,50.5,230
1767417241080,50.5,232
1767417241103,50.5,234
1767417241124,50.5,236
1767417241144,50.5,238
1767417241166,50.5,239
1767417241191,50.5,242
1767417241220,50.5,243
1767417241251,50.5,244
1767417241454,50.5,242
1767417241473,49.5,239
1767417241505,48.5,235
1767417241536,47.5,232
1767417241555,46.5,230
1767417241578,46.5,228
1767417241602,46.5,223
1767417241625,46.5,221
1767417241646,46.5,218
1767417241669,46.5,213
1767417241691,46.5,212
1767417241715,46.5,211
1767417241734,46.5,210
1767417241755,46.5,209
1767417241786,46.5,208
1767417241917,44.5,211
1767417241950,42.5,215
1767417241972,40.5,222
1767417242002,38.5,227
1767417242033,38.5,229
1767417242053,37.5,231
1767417242074,37.5,232
1767417242097,37.5,233
1767417242120,37.5,234
1767417242393,36.5,232
1767417242411,36.5,229
1767417242434,36.5,227
1767417242456,36.5,224
1767417242479,36.5,222
1767417242501,37.5,219
1767417242526,38.5,213
1767417242548,38.5,210
1767417242571,40.5,205
1767417242594,40.5,203
1767417242617,41.5,202
1767417242640,42.5,200
1767417242670,44.5,195
1767417242700,44.5,193
1767417242766,44.5,192
1767417242785,44.5,191
1767417245351,184.5,213
1767417245529,184.5,213
1767417245649,184.5,215
1767417245668,184.5,219
1767417245690,184.5,222
1767417245708,184.5,226
1767417245727,184.5,228
1767417245751,184.5,231
1767417245774,184.5,235
1767417245796,184.5,236
1767417245819,184.5,237
1767417245842,184.5,240
1767417245865,184.5,242
1767417245889,184.5,243
1767417245912,184.5,246
1767417245936,184.5,247
1767417245968,184.5,248
1767417246006,184.5,249
1767417246028,184.5,250
1767417246085,184.5,251
1767417246103,184.5,253
1767417246136,184.5,254
1767417246168,184.5,255
1767417246190,184.5,256
1767417246209,184.5,257
1767417246239,184.5,258
1767417246268,184.5,259
1767417246302,184.5,260
1767417246337,184.5,261
1767417246371,184.5,262
1767417246403,184.5,263
1767417246528,184.5,264
1767417246561,184.5,265
1767417246583,184.5,267
1767417246621,184.5,268
1767417246674,184.5,269
1767417246706,184.5,270
1767417246994,185.5,270
1767417247013,185.5,267
1767417247035,185.5,265
1767417247058,185.5,261
1767417247089,185.5,258
1767417247120,185.5,257
1767417247155,185.5,255
1767417247178,185.5,251
1767417247201,185.5,247
1767417247224,185.5,238
1767417247247,185.5,235
1767417247270,185.5,231
1767417247293,185.5,230
1767417247316,185.5,228
1767417247339,185.5,226
1767417247369,185.5,225
1767417247438,186.5,221
1767417247457,187.5,220
1767417247479,187.5,219
1767417247537,187.5,217
1767417247863,188.5,217
1767417247895,189.5,219
1767417247917,189.5,223
1767417247941,189.5,227
1767417247965,190.5,230
1767417247986,190.5,236
1767417248010,190.5,239
1767417248033,190.5,241
1767417248058,190.5,246
1767417248079,190.5,248
1767417248103,190.5,250
1767417248126,190.5,254
1767417248149,190.5,256
1767417248173,190.5,259
1767417248196,190.5,260
1767417248220,190.5,261
1767417248242,190.5,262
1767417248264,190.5,263
1767417248524,190.5,261
1767417248543,190.5,259
1767417248566,189.5,256
1767417248590,189.5,253
1767417248613,189.5,252
1767417248636,189.5,249
1767417248696,189.5,248
1767417248719,189.5,246
1767417248791,189.5,244
1767417248810,189.5,243
1767417248834,189.5,239
1767417248858,189.5,238
1767417248881,189.5,237
1767417248904,189.5,235
1767417248927,189.5,234
1767417248952,189.5,232
1767417248979,189.5,231
1767417249002,191.5,227
1767417249024,191.5,225
1767417249047,192.5,223
1767417249071,192.5,222
1767417249094,193.5,220
1767417249152,193.5,218
1767417249440,193.5,220
1767417249460,193.5,222
1767417249484,193.5,225
1767417249508,193.5,227
1767417249533,193.5,229
1767417249557,193.5,232
1767417249581,193.5,233
1767417249605,193.5,235
1767417249676,193.5,237
1767417249696,193.5,238
1767417249721,193.5,239
1767417249753,194.5,240
1767417249786,194.5,241
1767417250074,194.5,240
1767417250093,194.5,239
1767417250116,194.5,238
1767417250140,194.5,237
1767417250164,194.5,236
1767417250188,193.5,235
1767417250221,193.5,233
1767417250243,192.5,226
1767417250266,191.5,218
1767417250290,190.5,213
1767417250313,189.5,210
1767417250369,189.5,206
1767417250401,189.5,205
1767417250435,189.5,204
1767417250454,189.5,203
1767417250688,189.5,204
1767417250720,187.5,206
1767417250744,186.5,209
1767417250768,185.5,212
1767417250801,183.5,216
1767417250825,182.5,218
1767417250849,181.5,221
1767417250873,181.5,224
1767417250897,181.5,226
1767417250921,181.5,230
1767417250944,181.5,231
1767417250966,181.5,233
1767417250989,181.5,234
1767417251012,181.5,235
1767417251039,181.5,236
1767417251062,181.5,237
1767417251391,181.5,235
1767417251411,181.5,234
1767417251434,181.5,231
1767417251457,181.5,230
1767417251480,181.5,228
1767417251505,181.5,227
1767417251529,181.5,225
1767417251553,181.5,223
1767417251576,181.5,220
1767417251600,181.5,219
1767417251623,181.5,216
1767417251654,181.5,215
1767417251685,180.5,213
1767417251710,180.5,206
1767417251734,180.5,203
1767417251758,180.5,199
1767417251781,180.5,197
1767417251806,180.5,194
1767417251837,180.5,193
1767417251869,180.5,192
1767417251889,180.5,191
1767417252295,181.5,191
1767417252327,182.5,192
1767417252352,184.5,195
1767417252375,185.5,196
1767417252399,185.5,197
1767417252423,187.5,199
1767417252454,188.5,200
1767417252474,188.5,201
1767417252505,189.5,202
1767417252529,190.5,203
1767417252569,190.5,204
1767417252685,190.5,205
1767417252863,190.5,206
1767417262150,80.5,159
1767417262313,80.5,159
1767417262418,80.5,160
1767417262437,80.5,163
1767417262460,80.5,164
1767417262485,80.5,166
1767417262509,80.5,169
1767417262534,80.5,171
1767417262560,82.5,175
1767417262586,82.5,177
1767417262615,84.5,180
1767417262640,84.5,181
1767417262663,85.5,184
1767417262686,87.5,188
1767417262710,87.5,190
1767417262734,87.5,191
1767417262760,88.5,194
1767417262784,88.5,195
1767417262809,89.5,200
1767417262834,89.5,201
1767417262858,89.5,206
1767417262883,89.5,207
1767417262908,90.5,215
1767417262932,91.5,219
1767417262956,91.5,225
1767417262978,91.5,228
1767417263003,91.5,230
1767417263028,92.5,239
1767417263051,92.5,245
1767417263075,93.5,252
1767417263105,93.5,257
1767417263135,93.5,263
1767417263158,93.5,265
1767417263174,93.5,268
1767417263191,93.5,270
1767417263207,93.5,271
1767417263223,93.5,273
1767417263255,93.5,275
1767417263287,93.5,276
1767417263402,93.5,273
1767417263434,93.5,265
1767417263457,93.5,259
1767417263481,90.5,245
1767417263505,89.5,241
1767417263529,89.5,240
1767417263553,88.5,237
1767417263586,88.5,236
1767417263611,88.5,235
1767417263667,87.5,235
1767417263689,81.5,244
1767417263713,79.5,248
1767417263737,77.5,254
1767417263762,76.5,256
1767417263786,76.5,261
1767417263811,76.5,263
1767417263835,76.5,265
1767417263859,76.5,268
1767417263882,76.5,269
1767417263937,77.5,265
1767417263958,79.5,260
1767417263981,80.5,254
1767417264006,81.5,253
1767417264031,83.5,248
1767417264057,86.5,242
1767417264081,87.5,240
1767417264106,88.5,236
1767417264130,89.5,234
1767417264154,90.5,234
1767417264178,91.5,232
1767417264205,91.5,233
1767417264236,91.5,237
1767417264259,91.5,256
1767417264284,90.5,261
1767417264308,88.5,271
1767417264333,88.5,273
1767417264357,87.5,277
1767417264381,87.5,278
1767417264407,87.5,281
1767417264437,87.5,282
1767417264491,87.5,281
1767417264510,88.5,272
1767417264534,88.5,267
1767417264558,88.5,262
1767417264586,88.5,255
1767417264611,88.5,253
1767417264635,88.5,250
1767417264660,88.5,247
1767417264685,88.5,246
1767417264709,88.5,245
1767417264766,83.5,253
1767417264787,81.5,257
1767417264810,78.5,261
1767417264835,77.5,264
1767417264858,76.5,265
1767417264881,75.5,266
1767417264905,74.5,266
1767417264977,74.5,260
1767417264997,74.5,257
1767417265021,74.5,253
1767417265045,74.5,251
1767417265070,74.5,249
1767417265094,74.5,244
1767417265119,74.5,242
1767417265142,74.5,237
1767417265167,74.5,235
1767417265192,74.5,231
1767417265217,74.5,230
1767417265243,74.5,227
1767417265267,74.5,225
1767417265293,75.5,223
1767417265322,75.5,222
1767417265342,76.5,220
1767417265367,77.5,220
1767417265392,78.5,217
1767417265416,79.5,216
1767417265441,80.5,213
1767417265465,81.5,211
1767417265491,83.5,207
1767417265507,84.5,204
1767417265524,85.5,203
1767417265540,85.5,202
1767417265557,86.5,200
1767417265602,88.5,198
1767417265668,89.5,200
1767417265689,89.5,205
1767417265714,89.5,215
1767417265740,89.5,221
1767417265764,89.5,228
1767417265788,89.5,232
1767417265813,89.5,234
1767417265838,89.5,237
1767417265870,89.5,238
1767417265957,88.5,231
1767417265977,88.5,225
1767417266002,88.5,221
1767417266026,88.5,217
1767417266051,88.5,213
1767417266075,88.5,211
1767417266100,88.5,209
1767417266124,88.5,205
1767417266150,88.5,204
1767417266176,88.5,203
1767417266201,88.5,202
1767417266235,86.5,207
1767417266258,85.5,211
1767417266274,84.5,214
1767417266290,84.5,216
1767417266307,83.5,218
1767417266324,82.5,220
1767417266340,81.5,222
1767417266356,81.5,223
1767417266372,80.5,224
1767417266406,80.5,225
1767417266501,80.5,217
1767417266525,80.5,212
1767417266547,80.5,207
1767417266573,80.5,204
1767417266597,80.5,199
1767417266624,80.5,196
1767417266650,80.5,194
1767417266675,79.5,190
1767417266699,79.5,189
1767417266724,79.5,187
1767417266749,79.5,186
1767417266775,79.5,185
1767417266803,80.5,184
1767417266827,80.5,182
1767417266853,81.5,180
1767417266926,83.5,177
1767417266946,84.5,177
1767417266971,85.5,174
1767417267003,85.5,173
1767417267051,86.5,171
1767417267084,87.5,171
1767417267107,89.5,173
1767417267132,95.5,190
1767417267158,97.5,209
1767417267183,97.5,212
1767417267209,97.5,216
1767417267234,97.5,217
1767417267259,97.5,219
1767417267351,97.5,216
1767417267382,98.5,210
1767417267408,100.5,203
1767417267433,101.5,200
1767417267458,104.5,191
1767417267483,106.5,187
1767417267508,109.5,182
1767417267533,110.5,181
1767417267558,111.5,178
1767417267615,112.5,182
1767417267637,107.5,201
1767417267661,104.5,207
1767417267687,103.5,210
1767417267712,102.5,212
1767417267738,100.5,214
1767417267802,100.5,213
1767417267823,100.5,202
1767417267848,101.5,197
1767417267873,101.5,191
1767417267898,101.5,190
1767417267926,101.5,187
1767417267952,102.5,183
1767417267976,103.5,178
1767417268002,104.5,175
1767417268034,104.5,174
1767417268057,104.5,173
1767417268118,103.5,175
1767417268147,100.5,179
1767417268175,98.5,182
1767417268199,97.5,184
1767417268225,95.5,186
1767417268251,94.5,187
1767417268318,94.5,182
1767417268339,94.5,179
1767417268371,94.5,174
1767417268392,94.5,172
1767417268417,94.5,171
1767417268441,94.5,169
1767417268465,94.5,168
1767417268490,94.5,167
1767417268618,93.5,166
1767417268639,92.5,166
1767417268672,91.5,166
1767417268705,90.5,166
1767417268728,89.5,166
1767417268744,88.5,165
1767417268786,87.5,164
1767417268810,86.5,163
1767417268826,85.5,163
1767417268894,85.5,162
1767417268969,87.5,162
1767417268991,92.5,162
1767417269016,99.5,161
1767417269041,109.5,161
1767417269068,112.5,161
1767417269094,116.5,163
1767417269119,121.5,164
1767417269144,123.5,165
1767417269170,127.5,165
1767417269195,128.5,165
1767417269221,130.5,165
1767417269255,133.5,166
1767417269271,135.5,166
1767417269304,138.5,166
1767417269329,140.5,167
1767417269367,142.5,167
1767417269401,143.5,167
1767417269420,144.5,167
1767417269452,145.5,167
1767417269534,137.5,167
1767417269569,112.5,166
1767417269603,98.5,165
1767417269626,96.5,165
1767417269649,94.5,165
1767417269673,90.5,165
1767417269699,89.5,165
1767417269725,88.5,165
1767417269751,86.5,165
1767417269834,87.5,163
1767417269854,91.5,162
1767417269871,94.5,161
1767417269888,97.5,160
1767417269922,101.5,159
1767417269948,109.5,158
1767417269974,116.5,158
1767417269998,119.5,158
1767417270026,125.5,157
1767417270052,130.5,157
1767417270085,134.5,157
1767417270109,137.5,156
1767417270132,138.5,156
1767417270157,142.5,156
1767417270182,143.5,156
1767417270210,146.5,155
1767417270236,149.5,154
1767417270261,150.5,154
1767417270288,151.5,154
1767417270313,152.5,154
1767417270338,153.5,154
1767417270364,154.5,154
1767417270519,154.5,158
1767417270540,152.5,162
1767417270565,149.5,168
1767417270590,147.5,171
1767417270616,142.5,178
1767417270641,139.5,183
1767417270666,138.5,185
1767417270694,136.5,188
1767417270719,135.5,190
1767417270834,136.5,188
1767417270853,139.5,183
1767417270869,141.5,179
1767417270901,143.5,173
1767417270927,146.5,168
1767417270969,147.5,164
1767417270992,148.5,162
1767417271017,149.5,161
1767417271083,151.5,167
1767417271103,150.5,177
1767417271120,148.5,183
1767417271136,146.5,188
1767417271153,142.5,196
1767417271170,139.5,200
1767417271187,137.5,204
1767417271221,135.5,206
1767417271245,134.5,207
1767417271283,132.5,205
1767417271303,130.5,201
1767417271319,129.5,196
1767417271335,128.5,193
1767417271351,127.5,191
1767417271367,127.5,189
1767417271401,126.5,187
1767417271427,126.5,186
1767417271454,126.5,184
1767417271486,126.5,183
1767417271567,122.5,197
1767417271586,118.5,210
1767417271602,114.5,222
1767417271618,112.5,226
1767417271650,111.5,229
1767417271675,110.5,231
1767417271750,114.5,224
1767417271773,120.5,209
1767417271798,123.5,203
1767417271828,125.5,196
1767417271859,126.5,193
1767417271875,126.5,192
1767417271908,126.5,191
1767417271935,126.5,190
1767417271992,124.5,199
1767417272015,115.5,217
1767417272041,102.5,242
1767417272066,99.5,246
1767417272092,98.5,248
1767417272121,97.5,249
1767417272195,99.5,238
1767417272217,109.5,208
1767417272243,111.5,204
1767417272272,114.5,197
1767417272297,115.5,194
1767417272324,117.5,191
1767417272351,121.5,185
1767417272377,123.5,181
1767417272406,124.5,178
1767417272432,125.5,177
1767417272517,121.5,180
1767417272534,114.5,186
1767417272566,107.5,193
1767417272583,104.5,195
1767417272599,101.5,197
1767417272615,100.5,197
1767417272631,99.5,198
1767417272672,98.5,198
1767417272717,101.5,194
1767417272740,105.5,189
1767417272766,109.5,185
1767417272792,117.5,178
1767417272819,121.5,176
1767417272848,123.5,175
1767417272874,124.5,174
1767417272906,125.5,173
1767417272923,124.5,174
1767417272955,115.5,180
1767417272981,110.5,184
1767417273008,106.5,188
1767417273034,105.5,189
1767417273060,105.5,191
1767417273102,114.5,191
1767417273125,120.5,188
1767417273151,124.5,186
1767417273180,129.5,182
1767417273208,133.5,180
1767417273235,136.5,178
1767417273260,137.5,178
1767417273286,141.5,182
1767417273314,143.5,193
1767417273342,143.5,219
1767417273368,142.5,224
1767417273394,142.5,226
1767417273485,142.5,224
1767417273507,143.5,217
1767417273533,144.5,213
1767417273561,144.5,205
1767417273587,144.5,202
1767417273613,145.5,199
1767417273640,146.5,195
1767417273666,147.5,193
1767417273694,148.5,190
1767417273721,148.5,188
1767417273747,148.5,187
1767417273772,149.5,186
1767417273799,150.5,190
1767417273831,151.5,203
1767417273847,151.5,211
1767417273863,151.5,214
1767417273880,150.5,222
1767417273895,150.5,224
1767417273912,149.5,226
1767417273944,149.5,228
1767417273971,149.5,231
1767417273997,149.5,232
1767417274023,149.5,231
1767417274050,149.5,218
1767417274077,149.5,214
1767417274103,149.5,208
1767417274132,149.5,206
1767417274160,149.5,200
1767417274187,149.5,194
1767417274215,149.5,192
1767417274247,149.5,190
1767417274263,150.5,187
1767417274296,151.5,182
1767417274324,152.5,180
1767417274351,152.5,179
1767417274385,152.5,178
1767417274409,152.5,177
1767417274674,152.5,179
1767417274706,153.5,185
1767417274732,151.5,205
1767417274759,151.5,214
1767417274788,151.5,231
1767417274814,151.5,235
1767417274841,151.5,245
1767417274866,151.5,248
1767417274892,151.5,258
1767417274918,151.5,263
1767417274944,151.5,265
1767417274970,151.5,266
1767417274997,151.5,268
1767417275072,151.5,266
1767417275094,151.5,262
1767417275121,151.5,259
1767417275148,151.5,255
1767417275175,151.5,252
1767417275202,151.5,249
1767417275235,151.5,248
1767417275318,151.5,250
1767417275334,151.5,253
1767417275366,151.5,254
1767417275394,151.5,258
1767417275422,151.5,260
1767417275501,151.5,258
1767417275524,151.5,255
1767417275549,151.5,252
1767417275577,151.5,247
1767417275605,151.5,244
1767417275631,151.5,234
1767417275649,151.5,231
1767417275665,151.5,228
1767417275683,151.5,225
1767417275700,151.5,223
1767417275716,151.5,221
1767417275733,152.5,220
1767417275750,152.5,219
1767417275767,152.5,218
1767417275862,152.5,220
1767417275885,152.5,224
1767417275911,152.5,227
1767417275939,152.5,230
1767417275966,153.5,233
1767417275994,153.5,237
1767417276021,153.5,241
1767417276047,153.5,243
1767417276074,152.5,247
1767417276101,152.5,249
1767417276137,152.5,251
1767417276170,152.5,252
1767417276244,152.5,251
1767417276267,150.5,248
1767417276293,148.5,236
1767417276320,148.5,229
1767417276347,148.5,226
1767417276363,148.5,225
1767417276380,148.5,222
1767417276396,148.5,220
1767417276461,147.5,223
1767417276484,144.5,235
1767417276512,142.5,246
1767417276543,139.5,258
1767417276559,138.5,261
1767417276576,137.5,263
1767417276592,137.5,264
1767417276610,137.5,266
1767417276644,136.5,267
1767417276671,136.5,268
1767417276698,136.5,267
1767417276725,135.5,251
1767417276753,135.5,243
1767417276778,135.5,240
1767417276805,135.5,239
1767417276835,135.5,236
1767417276861,135.5,235
1767417276887,135.5,234
1767417276963,134.5,240
1767417276989,132.5,248
1767417277016,131.5,251
1767417277044,128.5,256
1767417277071,127.5,258
1767417277099,124.5,263
1767417277126,122.5,266
1767417277154,121.5,268
1767417277213,120.5,265
1767417277239,122.5,250
1767417277265,126.5,237
1767417277294,130.5,224
1767417277321,131.5,221
1767417277349,133.5,215
1767417277376,134.5,213
1767417277403,135.5,212
1767417277430,135.5,211
1767417277457,135.5,210
1767417277519,131.5,221
1767417277542,126.5,229
1767417277570,120.5,241
1767417277596,118.5,246
1767417277613,115.5,250
1767417277647,106.5,262
1767417277666,100.5,267
1767417277681,98.5,270
1767417277698,96.5,272
1767417277715,94.5,274
1767417277732,93.5,275
1767417277753,91.5,276
1767417277804,91.5,269
1767417277828,97.5,252
1767417277856,102.5,241
1767417277883,104.5,235
1767417277910,104.5,234
1767417277938,105.5,233
1767417277966,107.5,231
1767417278073,107.5,230
1767417278104,106.5,232
1767417278129,104.5,234
1767417278155,101.5,237
1767417278183,99.5,238
1767417278210,98.5,239
1767417278284,103.5,232
1767417278307,106.5,227
1767417278334,111.5,222
1767417278362,113.5,219
1767417278390,116.5,216
1767417278417,117.5,215
1767417278445,118.5,215
1767417278484,118.5,217
1767417278520,118.5,223
1767417278540,118.5,225
1767417278556,118.5,227
1767417278572,119.5,229
1767417278588,120.5,230
1767417278605,121.5,232
1767417278638,121.5,233
1767417278669,123.5,234
1767417278695,124.5,234
1767417278719,125.5,233
1767417278746,128.5,231
1767417278773,131.5,227
1767417278800,133.5,225
1767417278828,136.5,223
1767417278844,137.5,222
1767417278860,139.5,224
1767417278893,138.5,236
1767417278921,131.5,244
1767417278949,125.5,249
1767417278978,117.5,254
1767417278994,114.5,255
1767417279011,112.5,256
1767417279044,109.5,257
1767417279067,107.5,258
1767417279094,106.5,258
1767417279126,105.5,258
1767417279234,111.5,257
1767417279266,125.5,256
1767417279295,142.5,256
1767417279322,147.5,257
1767417279351,150.5,257
1767417279379,151.5,257
1767417279408,153.5,257
1767417279437,154.5,257
1767417279535,154.5,256
1767417279557,153.5,254
1767417279573,153.5,253
1767417279589,152.5,252
1767417279605,151.5,249
1767417279622,151.5,246
1767417279640,149.5,238
1767417279673,147.5,230
1767417279702,146.5,225
1767417279736,146.5,222
1767417279761,146.5,221
1767417279777,146.5,220
1767417279842,146.5,218
1767417279915,146.5,217
1767417279939,146.5,216
1767417280222,146.5,217
-1,-1,-1
1767417236821,,
1767417245351,,
1767417262150,,
-1,-1,-1
1767417243072,,
1767417253009,,
1767417280261,,
