1767424742828,-0.399993896484375,109.39999771118164
1767424742836,41.600006103515625,150.39999771118164
1767424742845,123.60000610351562,234.39999771118164
1767424742853,163.60000610351562,271.39999771118164
1767424742861,200.60000610351562,308.39999771118164
1767424742870,231.60000610351562,340.39999771118164
1767424742878,256.6000061035156,368.39999771118164
1767424742886,277.6000061035156,389.39999771118164
1767424742894,301.6000061035156,414.39999771118164
1767424742903,308.6000061035156,422.39999771118164
1767424742911,310.6000061035156,426.39999771118164
1767424742919,312.6000061035156,429.39999771118164
1767424742931,313.6000061035156,430.39999771118164
1767424742942,312.6000061035156,431.39999771118164
1767424742949,310.6000061035156,431.39999771118164
1767424743173,302.6000061035156,414.39999771118164
1767424743179,292.6000061035156,393.39999771118164
1767424743187,281.6000061035156,367.39999771118164
1767424743194,269.6000061035156,342.39999771118164
1767424743202,260.6000061035156,319.39999771118164
1767424743210,249.60000610351562,296.39999771118164
1767424743219,241.60000610351562,273.39999771118164
1767424743227,232.60000610351562,253.39999771118164
1767424743235,221.60000610351562,221.39999771118164
1767424743243,217.60000610351562,207.39999771118164
1767424743252,213.60000610351562,193.39999771118164
1767424743260,211.60000610351562,183.39999771118164
1767424743268,210.60000610351562,174.39999771118164
1767424743277,210.60000610351562,166.39999771118164
1767424743285,210.60000610351562,160.39999771118164
1767424743529,197.60000610351562,142.39999771118164
1767424743536,184.60000610351562,123.39999771118164
1767424743543,174.60000610351562,102.39999771118164
1767424743552,164.60000610351562,82.39999771118164
1767424743562,155.60000610351562,64.39999771118164
1767424743568,148.60000610351562,49.39999771118164
1767424743576,141.60000610351562,31.39999771118164
1767424743585,131.60000610351562,2.3999977111816406
1767424744262,117.60000610351562,1.3999977111816406
1767424744269,116.60000610351562,1.3999977111816406
1767424744283,115.60000610351562,2.3999977111816406
1767424744300,115.60000610351562,4.399997711181641
1767424744325,115.60000610351562,5.399997711181641
1767424744333,115.60000610351562,5.399997711181641
1767424744367,115.60000610351562,6.399997711181641
1767424744394,115.60000610351562,8.39999771118164
1767424744450,115.60000610351562,9.39999771118164
1767424744464,115.60000610351562,9.39999771118164
1767424744555,116.60000610351562,9.39999771118164
1767424744590,116.60000610351562,10.39999771118164
1767424744607,117.60000610351562,11.39999771118164
1767424744616,117.60000610351562,12.39999771118164
1767424744632,117.60000610351562,13.39999771118164
1767424744638,118.60000610351562,13.39999771118164
1767424744658,118.60000610351562,14.39999771118164
1767424744674,118.60000610351562,16.39999771118164
1767424744691,118.60000610351562,17.39999771118164
1767424744699,118.60000610351562,17.39999771118164
1767424744708,118.60000610351562,18.39999771118164
1767424744733,118.60000610351562,20.39999771118164
1767424744758,118.60000610351562,21.39999771118164
1767424744766,118.60000610351562,21.39999771118164
1767424745504,117.60000610351562,22.39999771118164
1767424745515,115.60000610351562,25.39999771118164
1767424745523,113.60000610351562,26.39999771118164
1767424745531,110.60000610351562,29.39999771118164
1767424745539,105.60000610351562,32.39999771118164
1767424745548,105.60000610351562,33.39999771118164
1767424745556,103.60000610351562,33.39999771118164
1767424745564,102.60000610351562,34.39999771118164
1767424745573,102.60000610351562,34.39999771118164
1767424745581,101.60000610351562,35.39999771118164
1767424745589,101.60000610351562,35.39999771118164
1767424745606,100.60000610351562,35.39999771118164
1767424745615,100.60000610351562,36.39999771118164
1767424745623,100.60000610351562,37.39999771118164
1767424745648,100.60000610351562,38.39999771118164
1767424745656,100.60000610351562,38.39999771118164
1767424745664,101.60000610351562,39.39999771118164
1767424745673,104.60000610351562,42.39999771118164
1767424745681,106.60000610351562,45.39999771118164
1767424745690,109.60000610351562,46.39999771118164
1767424745698,113.60000610351562,48.39999771118164
1767424745706,117.60000610351562,50.39999771118164
1767424745714,125.60000610351562,51.39999771118164
1767424745722,129.60000610351562,52.39999771118164
1767424745731,131.60000610351562,52.39999771118164
1767424745739,133.60000610351562,52.39999771118164
1767424745747,136.60000610351562,52.39999771118164
1767424745756,137.60000610351562,52.39999771118164
1767424745764,138.60000610351562,51.39999771118164
1767424745773,139.60000610351562,51.39999771118164
1767424745797,140.60000610351562,50.39999771118164
1767424745799,140.60000610351562,50.39999771118164
1767424745814,140.60000610351562,49.39999771118164
1767424745822,140.60000610351562,47.39999771118164
1767424745831,139.60000610351562,46.39999771118164
1767424745839,137.60000610351562,43.39999771118164
1767424745847,133.60000610351562,38.39999771118164
1767424745856,132.60000610351562,34.39999771118164
1767424745864,129.60000610351562,32.39999771118164
1767424745872,125.60000610351562,29.39999771118164
1767424745881,122.60000610351562,26.39999771118164
1767424745889,115.60000610351562,19.39999771118164
1767424745897,112.60000610351562,18.39999771118164
1767424745906,109.60000610351562,17.39999771118164
1767424745914,106.60000610351562,16.39999771118164
1767424745922,104.60000610351562,14.39999771118164
1767424745930,101.60000610351562,13.39999771118164
1767424745939,100.60000610351562,12.39999771118164
1767424745956,99.60000610351562,11.39999771118164
1767424745965,98.60000610351562,11.39999771118164
1767424745973,97.60000610351562,11.39999771118164
1767424746021,97.60000610351562,12.39999771118164
1767424746030,97.60000610351562,13.39999771118164
1767424746039,98.60000610351562,13.39999771118164
1767424746047,100.60000610351562,14.39999771118164
1767424746055,101.60000610351562,16.39999771118164
1767424746064,104.60000610351562,17.39999771118164
1767424746072,106.60000610351562,17.39999771118164
1767424746080,109.60000610351562,18.39999771118164
1767424746088,111.60000610351562,18.39999771118164
1767424746097,114.60000610351562,19.39999771118164
1767424746105,118.60000610351562,20.39999771118164
1767424746113,120.60000610351562,20.39999771118164
1767424746122,122.60000610351562,20.39999771118164
1767424746140,125.60000610351562,20.39999771118164
1767424746147,125.60000610351562,20.39999771118164
1767424746164,126.60000610351562,20.39999771118164
1767424746172,127.60000610351562,20.39999771118164
1767424746216,126.60000610351562,20.39999771118164
1767424746230,125.60000610351562,20.39999771118164
1767424746238,123.60000610351562,20.39999771118164
1767424746247,122.60000610351562,19.39999771118164
1767424746255,120.60000610351562,19.39999771118164
1767424746263,118.60000610351562,19.39999771118164
1767424746271,117.60000610351562,19.39999771118164
1767424746280,113.60000610351562,19.39999771118164
1767424746297,111.60000610351562,19.39999771118164
1767424746305,110.60000610351562,19.39999771118164
1767424746329,109.60000610351562,19.39999771118164
1767424746346,109.60000610351562,20.39999771118164
1767424746355,109.60000610351562,21.39999771118164
1767424746363,109.60000610351562,22.39999771118164
1767424746371,109.60000610351562,23.39999771118164
1767424746380,109.60000610351562,23.39999771118164
1767424746388,110.60000610351562,24.39999771118164
1767424746396,110.60000610351562,26.39999771118164
1767424746405,111.60000610351562,26.39999771118164
1767424746413,113.60000610351562,27.39999771118164
1767424746421,114.60000610351562,28.39999771118164
1767424746430,116.60000610351562,29.39999771118164
1767424746446,117.60000610351562,29.39999771118164
1767424746455,118.60000610351562,29.39999771118164
1767424746463,119.60000610351562,29.39999771118164
1767424746471,121.60000610351562,29.39999771118164
1767424746489,121.60000610351562,29.39999771118164
1767424746496,122.60000610351562,29.39999771118164
1767424746545,122.60000610351562,28.39999771118164
1767424746563,121.60000610351562,28.39999771118164
1767424746571,121.60000610351562,27.39999771118164
1767424746579,120.60000610351562,26.39999771118164
1767424746596,119.60000610351562,26.39999771118164
1767424746613,118.60000610351562,25.39999771118164
1767424746638,117.60000610351562,25.39999771118164
1767424746705,118.60000610351562,26.39999771118164
1767424746712,118.60000610351562,26.39999771118164
1767424746721,119.60000610351562,26.39999771118164
1767424746729,121.60000610351562,28.39999771118164
1767424746737,121.60000610351562,29.39999771118164
1767424746746,123.60000610351562,30.39999771118164
1767424746754,125.60000610351562,31.39999771118164
1767424746762,125.60000610351562,32.39999771118164
1767424746771,127.60000610351562,32.39999771118164
1767424746779,128.60000610351562,33.39999771118164
1767424746796,129.60000610351562,34.39999771118164
1767424746845,126.60000610351562,34.39999771118164
1767424746860,121.60000610351562,32.39999771118164
1767424746871,119.60000610351562,31.39999771118164
1767424746879,117.60000610351562,30.39999771118164
1767424746887,107.60000610351562,28.39999771118164
1767424746895,101.60000610351562,27.39999771118164
1767424746904,97.60000610351562,26.39999771118164
1767424746912,95.60000610351562,26.39999771118164
1767424746920,93.60000610351562,26.39999771118164
1767424746929,90.60000610351562,25.39999771118164
1767424746937,89.60000610351562,24.39999771118164
1767424746946,89.60000610351562,24.39999771118164
1767424746963,88.60000610351562,24.39999771118164
1767424747004,89.60000610351562,24.39999771118164
1767424747012,90.60000610351562,25.39999771118164
1767424747020,95.60000610351562,26.39999771118164
1767424747028,98.60000610351562,27.39999771118164
1767424747037,101.60000610351562,28.39999771118164
1767424747045,107.60000610351562,29.39999771118164
1767424747053,113.60000610351562,30.39999771118164
1767424747062,121.60000610351562,31.39999771118164
1767424747070,126.60000610351562,34.39999771118164
1767424747078,130.60000610351562,34.39999771118164
1767424747087,134.60000610351562,35.39999771118164
1767424747095,138.60000610351562,37.39999771118164
1767424747103,142.60000610351562,38.39999771118164
1767424747112,144.60000610351562,38.39999771118164
1767424747120,145.60000610351562,38.39999771118164
1767424747129,145.60000610351562,38.39999771118164
1767424747137,146.60000610351562,38.39999771118164
1767424747153,147.60000610351562,38.39999771118164
1767424747170,148.60000610351562,38.39999771118164
1767424747212,147.60000610351562,38.39999771118164
1767424747228,146.60000610351562,38.39999771118164
1767424747236,144.60000610351562,38.39999771118164
1767424747245,143.60000610351562,38.39999771118164
1767424747253,142.60000610351562,37.39999771118164
1767424747261,141.60000610351562,37.39999771118164
1767424747270,140.60000610351562,36.39999771118164
1767424747286,139.60000610351562,36.39999771118164
1767424747295,138.60000610351562,36.39999771118164
1767424747311,137.60000610351562,36.39999771118164
1767424747355,138.60000610351562,36.39999771118164
1767424747370,139.60000610351562,37.39999771118164
1767424747378,139.60000610351562,38.39999771118164
1767424747386,140.60000610351562,38.39999771118164
1767424747395,140.60000610351562,38.39999771118164
1767424747403,141.60000610351562,39.39999771118164
1767424747431,141.60000610351562,40.39999771118164
1767424747469,140.60000610351562,40.39999771118164
1767424747478,138.60000610351562,40.39999771118164
1767424747486,136.60000610351562,39.39999771118164
1767424747494,129.60000610351562,37.39999771118164
1767424747503,125.60000610351562,36.39999771118164
1767424747511,120.60000610351562,34.39999771118164
1767424747519,117.60000610351562,33.39999771118164
1767424747528,113.60000610351562,31.39999771118164
1767424747536,109.60000610351562,29.39999771118164
1767424747544,108.60000610351562,28.39999771118164
1767424747553,106.60000610351562,27.39999771118164
1767424747569,105.60000610351562,26.39999771118164
1767424747578,105.60000610351562,26.39999771118164
1767424747594,105.60000610351562,26.39999771118164
1767424747611,105.60000610351562,26.39999771118164
1767424747619,106.60000610351562,25.39999771118164
1767424747627,111.60000610351562,23.39999771118164
1767424747636,113.60000610351562,23.39999771118164
1767424747644,115.60000610351562,22.39999771118164
1767424747652,117.60000610351562,22.39999771118164
1767424747661,121.60000610351562,21.39999771118164
1767424747669,126.60000610351562,21.39999771118164
1767424747677,129.60000610351562,21.39999771118164
1767424747686,132.60000610351562,21.39999771118164
1767424747694,133.60000610351562,21.39999771118164
1767424747703,136.60000610351562,21.39999771118164
1767424747711,137.60000610351562,21.39999771118164
1767424747719,138.60000610351562,21.39999771118164
1767424747728,139.60000610351562,21.39999771118164
1767424747736,140.60000610351562,22.39999771118164
1767424747753,141.60000610351562,22.39999771118164
1767424747769,141.60000610351562,23.39999771118164
1767424747786,141.60000610351562,24.39999771118164
1767424747802,139.60000610351562,24.39999771118164
1767424747810,138.60000610351562,25.39999771118164
1767424747819,137.60000610351562,26.39999771118164
1767424747827,135.60000610351562,26.39999771118164
1767424747835,133.60000610351562,27.39999771118164
1767424747844,131.60000610351562,29.39999771118164
1767424747852,129.60000610351562,30.39999771118164
1767424747860,128.60000610351562,31.39999771118164
1767424747869,128.60000610351562,32.39999771118164
1767424747877,127.60000610351562,32.39999771118164
1767424747885,126.60000610351562,34.39999771118164
1767424747894,125.60000610351562,34.39999771118164
1767424747910,125.60000610351562,34.39999771118164
1767424747919,125.60000610351562,35.39999771118164
1767424747927,125.60000610351562,36.39999771118164
1767424747935,125.60000610351562,37.39999771118164
1767424747943,125.60000610351562,38.39999771118164
1767424747962,127.60000610351562,38.39999771118164
1767424747977,129.60000610351562,38.39999771118164
1767424747985,132.60000610351562,38.39999771118164
1767424747993,133.60000610351562,36.39999771118164
1767424748002,136.60000610351562,34.39999771118164
1767424748010,138.60000610351562,33.39999771118164
1767424748018,141.60000610351562,31.39999771118164
1767424748027,141.60000610351562,31.39999771118164
1767424748035,143.60000610351562,30.39999771118164
1767424748043,143.60000610351562,30.39999771118164
1767424748060,145.60000610351562,29.39999771118164
1767424748088,145.60000610351562,28.39999771118164
1767424748102,144.60000610351562,27.39999771118164
1767424748110,141.60000610351562,26.39999771118164
1767424748118,139.60000610351562,26.39999771118164
1767424748127,137.60000610351562,26.39999771118164
1767424748135,135.60000610351562,25.39999771118164
1767424748143,133.60000610351562,24.39999771118164
1767424748151,129.60000610351562,24.39999771118164
1767424748160,127.60000610351562,23.39999771118164
1767424748168,126.60000610351562,23.39999771118164
1767424748176,125.60000610351562,23.39999771118164
1767424748185,124.60000610351562,23.39999771118164
1767424748193,122.60000610351562,23.39999771118164
1767424748213,121.60000610351562,23.39999771118164
1767424748226,121.60000610351562,24.39999771118164
1767424748235,120.60000610351562,26.39999771118164
1767424748252,120.60000610351562,26.39999771118164
1767424748724,131.60000610351562,26.39999771118164
1767424748731,147.60000610351562,26.39999771118164
1767424748738,169.60000610351562,26.39999771118164
1767424748744,194.60000610351562,26.39999771118164
1767424748752,225.60000610351562,27.39999771118164
1767424748759,253.60000610351562,30.39999771118164
1767424748767,285.6000061035156,38.39999771118164
1767424748776,323.6000061035156,46.39999771118164
1767424748784,359.6000061035156,61.39999771118164
1767424748792,390.6000061035156,77.39999771118164
1767424748801,455.6000061035156,116.39999771118164
1767424748809,483.6000061035156,141.39999771118164
1767424748817,513.6000061035156,166.39999771118164
1767424748826,542.6000061035156,193.39999771118164
1767424748834,566.6000061035156,216.39999771118164
1767424748842,587.6000061035156,239.39999771118164
1767424748850,621.6000061035156,271.39999771118164
1767424748859,630.6000061035156,283.39999771118164
1767424748867,637.6000061035156,290.39999771118164
1767424748876,641.6000061035156,298.39999771118164
1767424748884,645.6000061035156,304.39999771118164
1767424748892,648.6000061035156,309.39999771118164
1767424748905,648.6000061035156,310.39999771118164
1767424748912,648.6000061035156,310.39999771118164
1767424748934,646.6000061035156,310.39999771118164
1767424749178,646.6000061035156,318.39999771118164
1767424749185,646.6000061035156,326.39999771118164
1767424749192,646.6000061035156,334.39999771118164
1767424749200,646.6000061035156,341.39999771118164
1767424749208,646.6000061035156,347.39999771118164
1767424749217,646.6000061035156,354.39999771118164
1767424749225,646.6000061035156,361.39999771118164
1767424749234,646.6000061035156,369.39999771118164
1767424749242,646.6000061035156,372.39999771118164
1767424749250,646.6000061035156,375.39999771118164
1767424749258,646.6000061035156,378.39999771118164
1767424749267,646.6000061035156,381.39999771118164
1767424749275,646.6000061035156,384.39999771118164
1767424749283,646.6000061035156,388.39999771118164
1767424749291,646.6000061035156,390.39999771118164
1767424749300,646.6000061035156,393.39999771118164
1767424749308,647.6000061035156,396.39999771118164
1767424749316,647.6000061035156,398.39999771118164
1767424749325,649.6000061035156,406.39999771118164
1767424749333,649.6000061035156,409.39999771118164
1767424749345,651.6000061035156,415.39999771118164
1767424749352,653.6000061035156,418.39999771118164
1767424749360,653.6000061035156,421.39999771118164
1767424749367,654.6000061035156,423.39999771118164
1767424749375,655.6000061035156,426.39999771118164
1767424749383,657.6000061035156,427.39999771118164
1767424749391,658.6000061035156,430.39999771118164
1767424749400,659.6000061035156,431.39999771118164
1767424749408,661.6000061035156,434.39999771118164
1767424749416,667.6000061035156,438.39999771118164
1767424749424,669.6000061035156,439.39999771118164
1767424749433,672.6000061035156,441.39999771118164
1767424749441,675.6000061035156,442.39999771118164
1767424749451,681.6000061035156,444.39999771118164
1767424749458,682.6000061035156,445.39999771118164
1767424749466,685.6000061035156,446.39999771118164
1767424749475,688.6000061035156,447.39999771118164
1767424749483,691.6000061035156,448.39999771118164
1767424749491,694.6000061035156,449.39999771118164
1767424749499,705.6000061035156,452.39999771118164
1767424749508,712.6000061035156,452.39999771118164
1767424749516,717.6000061035156,453.39999771118164
1767424749525,723.6000061035156,454.39999771118164
1767424749534,733.6000061035156,454.39999771118164
1767424749541,738.6000061035156,454.39999771118164
1767424749549,743.6000061035156,453.39999771118164
1767424749558,747.6000061035156,452.39999771118164
1767424749566,753.6000061035156,450.39999771118164
1767424749576,761.6000061035156,448.39999771118164
1767424749583,767.6000061035156,447.39999771118164
1767424749591,770.6000061035156,446.39999771118164
1767424749599,775.6000061035156,446.39999771118164
1767424749608,777.6000061035156,446.39999771118164
1767424749616,780.6000061035156,445.39999771118164
1767424749624,782.6000061035156,445.39999771118164
1767424749632,785.6000061035156,444.39999771118164
1767424749641,788.6000061035156,443.39999771118164
1767424749649,789.6000061035156,443.39999771118164
1767424749658,790.6000061035156,443.39999771118164
1767424749667,792.6000061035156,442.39999771118164
1767424749674,793.6000061035156,442.39999771118164
1767424749682,793.6000061035156,442.39999771118164
1767424749691,794.6000061035156,441.39999771118164
1767424749699,794.6000061035156,440.39999771118164
1767424749707,793.6000061035156,439.39999771118164
1767424749960,789.6000061035156,436.39999771118164
1767424749967,785.6000061035156,431.39999771118164
1767424749974,781.6000061035156,425.39999771118164
1767424749982,777.6000061035156,418.39999771118164
1767424749990,773.6000061035156,414.39999771118164
1767424749999,769.6000061035156,408.39999771118164
1767424750007,765.6000061035156,403.39999771118164
1767424750016,760.6000061035156,394.39999771118164
1767424750023,758.6000061035156,390.39999771118164
1767424750032,757.6000061035156,387.39999771118164
1767424750040,756.6000061035156,385.39999771118164
1767424750048,756.6000061035156,382.39999771118164
1767424750057,756.6000061035156,380.39999771118164
1767424750065,756.6000061035156,377.39999771118164
1767424750316,753.6000061035156,374.39999771118164
1767424750324,749.6000061035156,371.39999771118164
1767424750331,745.6000061035156,368.39999771118164
1767424750340,743.6000061035156,365.39999771118164
1767424750348,740.6000061035156,362.39999771118164
1767424750356,737.6000061035156,359.39999771118164
1767424750365,736.6000061035156,356.39999771118164
1767424750373,732.6000061035156,352.39999771118164
1767424750381,730.6000061035156,350.39999771118164
1767424750389,729.6000061035156,347.39999771118164
1767424750398,728.6000061035156,346.39999771118164
1767424750406,727.6000061035156,344.39999771118164
1767424750414,725.6000061035156,341.39999771118164
1767424750423,725.6000061035156,340.39999771118164
1767424750431,724.6000061035156,338.39999771118164
1767424750439,723.6000061035156,336.39999771118164
1767424750448,722.6000061035156,334.39999771118164
1767424750456,722.6000061035156,330.39999771118164
1767424750464,722.6000061035156,329.39999771118164
1767424750476,721.6000061035156,325.39999771118164
1767424750483,721.6000061035156,323.39999771118164
1767424750490,721.6000061035156,322.39999771118164
1767424750497,721.6000061035156,319.39999771118164
1767424750506,721.6000061035156,318.39999771118164
1767424750515,720.6000061035156,317.39999771118164
1767424750525,719.6000061035156,314.39999771118164
1767424750532,719.6000061035156,313.39999771118164
1767424750540,718.6000061035156,312.39999771118164
1767424750547,718.6000061035156,311.39999771118164
1767424750560,718.6000061035156,310.39999771118164
1767424750568,718.6000061035156,309.39999771118164
1767424750574,717.6000061035156,308.39999771118164
1767424750581,717.6000061035156,307.39999771118164
1767424750606,717.6000061035156,306.39999771118164
1767424750614,716.6000061035156,305.39999771118164
1767424750639,716.6000061035156,304.39999771118164
1767424750651,716.6000061035156,303.39999771118164
1767424750868,717.6000061035156,302.39999771118164
1767424750903,718.6000061035156,304.39999771118164
1767424750909,719.6000061035156,304.39999771118164
1767424750916,719.6000061035156,305.39999771118164
1767424750923,720.6000061035156,306.39999771118164
1767424750930,721.6000061035156,306.39999771118164
1767424750938,721.6000061035156,306.39999771118164
1767424750972,722.6000061035156,308.39999771118164
1767424750980,723.6000061035156,308.39999771118164
1767424750988,723.6000061035156,309.39999771118164
1767424750997,723.6000061035156,310.39999771118164
1767424751005,724.6000061035156,310.39999771118164
1767424751014,725.6000061035156,310.39999771118164
1767424751022,725.6000061035156,310.39999771118164
1767424751056,725.6000061035156,312.39999771118164
1767424751063,726.6000061035156,312.39999771118164
1767424751677,722.6000061035156,312.39999771118164
1767424751687,717.6000061035156,311.39999771118164
1767424751695,713.6000061035156,310.39999771118164
1767424751704,708.6000061035156,310.39999771118164
1767424751712,702.6000061035156,309.39999771118164
1767424751720,700.6000061035156,309.39999771118164
1767424751729,698.6000061035156,308.39999771118164
1767424751737,697.6000061035156,308.39999771118164
1767424751745,696.6000061035156,308.39999771118164
1767424751753,694.6000061035156,308.39999771118164
1767424751762,693.6000061035156,308.39999771118164
1767424751770,693.6000061035156,308.39999771118164
1767424751796,692.6000061035156,308.39999771118164
1767424751914,693.6000061035156,307.39999771118164
1767424751928,693.6000061035156,307.39999771118164
1767424751953,693.6000061035156,307.39999771118164
1767424752243,697.6000061035156,307.39999771118164
1767424752250,705.6000061035156,308.39999771118164
1767424752257,712.6000061035156,309.39999771118164
1767424752264,718.6000061035156,309.39999771118164
1767424752271,724.6000061035156,310.39999771118164
1767424752278,729.6000061035156,311.39999771118164
1767424752286,733.6000061035156,312.39999771118164
1767424752294,741.6000061035156,313.39999771118164
1767424752303,746.6000061035156,314.39999771118164
1767424752311,751.6000061035156,314.39999771118164
1767424752320,755.6000061035156,315.39999771118164
1767424752333,762.6000061035156,317.39999771118164
1767424752336,765.6000061035156,318.39999771118164
1767424752344,768.6000061035156,318.39999771118164
1767424752353,769.6000061035156,318.39999771118164
1767424752361,770.6000061035156,318.39999771118164
1767424752369,772.6000061035156,319.39999771118164
1767424752377,773.6000061035156,320.39999771118164
1767424752389,774.6000061035156,320.39999771118164
1767424752396,774.6000061035156,321.39999771118164
1767424752403,775.6000061035156,321.39999771118164
1767424752411,776.6000061035156,321.39999771118164
1767424752419,777.6000061035156,321.39999771118164
1767424752444,779.6000061035156,321.39999771118164
1767424752453,782.6000061035156,322.39999771118164
1767424752466,786.6000061035156,322.39999771118164
1767424752473,789.6000061035156,322.39999771118164
1767424752480,792.6000061035156,322.39999771118164
1767424752487,793.6000061035156,322.39999771118164
1767424752494,796.6000061035156,322.39999771118164
1767424752502,798.6000061035156,322.39999771118164
1767424752515,801.6000061035156,322.39999771118164
1767424752522,803.6000061035156,322.39999771118164
1767424752529,805.6000061035156,322.39999771118164
1767424752536,806.6000061035156,322.39999771118164
1767424752544,809.6000061035156,322.39999771118164
1767424752552,810.6000061035156,322.39999771118164
1767424752561,813.6000061035156,322.39999771118164
1767424752569,817.6000061035156,321.39999771118164
1767424752577,820.6000061035156,319.39999771118164
1767424752586,826.6000061035156,317.39999771118164
1767424752594,829.6000061035156,316.39999771118164
1767424752602,831.6000061035156,315.39999771118164
1767424752611,833.6000061035156,314.39999771118164
1767424752619,834.6000061035156,313.39999771118164
1767424752627,837.6000061035156,312.39999771118164
1767424752641,838.6000061035156,312.39999771118164
1767424752660,839.6000061035156,311.39999771118164
1767424752669,840.6000061035156,311.39999771118164
1767424752683,841.6000061035156,310.39999771118164
1767424752816,842.6000061035156,310.39999771118164
1767424752837,843.6000061035156,310.39999771118164
1767424752843,845.6000061035156,310.39999771118164
1767424752857,846.6000061035156,310.39999771118164
1767424752864,848.6000061035156,310.39999771118164
1767424752871,849.6000061035156,310.39999771118164
1767424752878,851.6000061035156,310.39999771118164
1767424752885,852.6000061035156,310.39999771118164
1767424752893,853.6000061035156,310.39999771118164
1767424752902,855.6000061035156,310.39999771118164
1767424752910,856.6000061035156,310.39999771118164
1767424752918,857.6000061035156,310.39999771118164
1767424752927,858.6000061035156,310.39999771118164
1767424752935,861.6000061035156,310.39999771118164
1767424752960,862.6000061035156,310.39999771118164
1767424752969,863.6000061035156,310.39999771118164
1767424752993,864.6000061035156,310.39999771118164
1767424753004,865.6000061035156,310.39999771118164
1767424753095,865.6000061035156,310.39999771118164
1767424753646,863.6000061035156,309.39999771118164
1767424753659,859.6000061035156,308.39999771118164
1767424753667,853.6000061035156,306.39999771118164
1767424753675,850.6000061035156,305.39999771118164
1767424753683,848.6000061035156,304.39999771118164
1767424753692,845.6000061035156,303.39999771118164
1767424753709,843.6000061035156,302.39999771118164
1767424753717,842.6000061035156,302.39999771118164
1767424753733,841.6000061035156,302.39999771118164
1767424753742,841.6000061035156,302.39999771118164
1767424753758,840.6000061035156,302.39999771118164
1767424753900,840.6000061035156,302.39999771118164
1767424754184,845.6000061035156,314.39999771118164
1767424754195,856.6000061035156,335.39999771118164
1767424754204,864.6000061035156,354.39999771118164
1767424754208,871.6000061035156,366.39999771118164
1767424754216,880.6000061035156,380.39999771118164
1767424754224,887.6000061035156,393.39999771118164
1767424754233,894.6000061035156,402.39999771118164
1767424754640,897.6000061035156,507.39999771118164
1767424754649,892.6000061035156,512.3999977111816
1767424754657,887.6000061035156,518.3999977111816
1767424754665,881.6000061035156,523.3999977111816
1767424754673,872.6000061035156,533.3999977111816
1767424754682,869.6000061035156,537.3999977111816
1767424754690,865.6000061035156,540.3999977111816
1767424754699,863.6000061035156,542.3999977111816
1767424754707,861.6000061035156,544.3999977111816
1767424754715,858.6000061035156,546.3999977111816
1767424754724,857.6000061035156,548.3999977111816
1767424754732,857.6000061035156,549.3999977111816
1767424754742,855.6000061035156,550.3999977111816
1767424754749,854.6000061035156,552.3999977111816
1767424755043,852.6000061035156,555.3999977111816
1767424755050,849.6000061035156,562.3999977111816
1767424755057,845.6000061035156,570.3999977111816
1767424755064,843.6000061035156,578.3999977111816
1767424755073,840.6000061035156,585.3999977111816
1767424755081,837.6000061035156,592.3999977111816
1767424755090,836.6000061035156,598.3999977111816
-1,-1,-1
1767424745218,118.60000610351562,21.39999771118164
1767424745504,117.60000610351562,22.39999771118164
1767424745515,115.60000610351562,25.39999771118164
1767424745523,113.60000610351562,26.39999771118164
1767424745531,110.60000610351562,29.39999771118164
1767424745539,105.60000610351562,32.39999771118164
1767424745548,105.60000610351562,33.39999771118164
1767424745556,103.60000610351562,33.39999771118164
1767424745564,102.60000610351562,34.39999771118164
1767424745573,102.60000610351562,34.39999771118164
1767424745581,101.60000610351562,35.39999771118164
1767424745589,101.60000610351562,35.39999771118164
1767424745606,100.60000610351562,35.39999771118164
1767424745615,100.60000610351562,36.39999771118164
1767424745623,100.60000610351562,37.39999771118164
1767424745648,100.60000610351562,38.39999771118164
1767424745656,100.60000610351562,38.39999771118164
1767424745664,101.60000610351562,39.39999771118164
1767424745673,104.60000610351562,42.39999771118164
1767424745681,106.60000610351562,45.39999771118164
1767424745690,109.60000610351562,46.39999771118164
1767424745698,113.60000610351562,48.39999771118164
1767424745706,117.60000610351562,50.39999771118164
1767424745714,125.60000610351562,51.39999771118164
1767424745722,129.60000610351562,52.39999771118164
1767424745731,131.60000610351562,52.39999771118164
1767424745739,133.60000610351562,52.39999771118164
1767424745747,136.60000610351562,52.39999771118164
1767424745756,137.60000610351562,52.39999771118164
1767424745764,138.60000610351562,51.39999771118164
1767424745773,139.60000610351562,51.39999771118164
1767424745797,140.60000610351562,50.39999771118164
1767424745799,140.60000610351562,50.39999771118164
1767424745814,140.60000610351562,49.39999771118164
1767424745822,140.60000610351562,47.39999771118164
1767424745831,139.60000610351562,46.39999771118164
1767424745839,137.60000610351562,43.39999771118164
1767424745847,133.60000610351562,38.39999771118164
1767424745856,132.60000610351562,34.39999771118164
1767424745864,129.60000610351562,32.39999771118164
1767424745872,125.60000610351562,29.39999771118164
1767424745881,122.60000610351562,26.39999771118164
1767424745889,115.60000610351562,19.39999771118164
1767424745897,112.60000610351562,18.39999771118164
1767424745906,109.60000610351562,17.39999771118164
1767424745914,106.60000610351562,16.39999771118164
1767424745922,104.60000610351562,14.39999771118164
1767424745930,101.60000610351562,13.39999771118164
1767424745939,100.60000610351562,12.39999771118164
1767424745956,99.60000610351562,11.39999771118164
1767424745965,98.60000610351562,11.39999771118164
1767424745973,97.60000610351562,11.39999771118164
1767424746021,97.60000610351562,12.39999771118164
1767424746030,97.60000610351562,13.39999771118164
1767424746039,98.60000610351562,13.39999771118164
1767424746047,100.60000610351562,14.39999771118164
1767424746055,101.60000610351562,16.39999771118164
1767424746064,104.60000610351562,17.39999771118164
1767424746072,106.60000610351562,17.39999771118164
1767424746080,109.60000610351562,18.39999771118164
1767424746088,111.60000610351562,18.39999771118164
1767424746097,114.60000610351562,19.39999771118164
1767424746105,118.60000610351562,20.39999771118164
1767424746113,120.60000610351562,20.39999771118164
1767424746122,122.60000610351562,20.39999771118164
1767424746140,125.60000610351562,20.39999771118164
1767424746147,125.60000610351562,20.39999771118164
1767424746164,126.60000610351562,20.39999771118164
1767424746172,127.60000610351562,20.39999771118164
1767424746216,126.60000610351562,20.39999771118164
1767424746230,125.60000610351562,20.39999771118164
1767424746238,123.60000610351562,20.39999771118164
1767424746247,122.60000610351562,19.39999771118164
1767424746255,120.60000610351562,19.39999771118164
1767424746263,118.60000610351562,19.39999771118164
1767424746271,117.60000610351562,19.39999771118164
1767424746280,113.60000610351562,19.39999771118164
1767424746297,111.60000610351562,19.39999771118164
1767424746305,110.60000610351562,19.39999771118164
1767424746329,109.60000610351562,19.39999771118164
1767424746346,109.60000610351562,20.39999771118164
1767424746355,109.60000610351562,21.39999771118164
1767424746363,109.60000610351562,22.39999771118164
1767424746371,109.60000610351562,23.39999771118164
1767424746380,109.60000610351562,23.39999771118164
1767424746388,110.60000610351562,24.39999771118164
1767424746396,110.60000610351562,26.39999771118164
1767424746405,111.60000610351562,26.39999771118164
1767424746413,113.60000610351562,27.39999771118164
1767424746421,114.60000610351562,28.39999771118164
1767424746430,116.60000610351562,29.39999771118164
1767424746446,117.60000610351562,29.39999771118164
1767424746455,118.60000610351562,29.39999771118164
1767424746463,119.60000610351562,29.39999771118164
1767424746471,121.60000610351562,29.39999771118164
1767424746489,121.60000610351562,29.39999771118164
1767424746496,122.60000610351562,29.39999771118164
1767424746545,122.60000610351562,28.39999771118164
1767424746563,121.60000610351562,28.39999771118164
1767424746571,121.60000610351562,27.39999771118164
1767424746579,120.60000610351562,26.39999771118164
1767424746596,119.60000610351562,26.39999771118164
1767424746613,118.60000610351562,25.39999771118164
1767424746638,117.60000610351562,25.39999771118164
1767424746705,118.60000610351562,26.39999771118164
1767424746712,118.60000610351562,26.39999771118164
1767424746721,119.60000610351562,26.39999771118164
1767424746729,121.60000610351562,28.39999771118164
1767424746737,121.60000610351562,29.39999771118164
1767424746746,123.60000610351562,30.39999771118164
1767424746754,125.60000610351562,31.39999771118164
1767424746762,125.60000610351562,32.39999771118164
1767424746771,127.60000610351562,32.39999771118164
1767424746779,128.60000610351562,33.39999771118164
1767424746796,129.60000610351562,34.39999771118164
1767424746845,126.60000610351562,34.39999771118164
1767424746860,121.60000610351562,32.39999771118164
1767424746871,119.60000610351562,31.39999771118164
1767424746879,117.60000610351562,30.39999771118164
1767424746887,107.60000610351562,28.39999771118164
1767424746895,101.60000610351562,27.39999771118164
1767424746904,97.60000610351562,26.39999771118164
1767424746912,95.60000610351562,26.39999771118164
1767424746920,93.60000610351562,26.39999771118164
1767424746929,90.60000610351562,25.39999771118164
1767424746937,89.60000610351562,24.39999771118164
1767424746946,89.60000610351562,24.39999771118164
1767424746963,88.60000610351562,24.39999771118164
1767424747004,89.60000610351562,24.39999771118164
1767424747012,90.60000610351562,25.39999771118164
1767424747020,95.60000610351562,26.39999771118164
1767424747028,98.60000610351562,27.39999771118164
1767424747037,101.60000610351562,28.39999771118164
1767424747045,107.60000610351562,29.39999771118164
1767424747053,113.60000610351562,30.39999771118164
1767424747062,121.60000610351562,31.39999771118164
1767424747070,126.60000610351562,34.39999771118164
1767424747078,130.60000610351562,34.39999771118164
1767424747087,134.60000610351562,35.39999771118164
1767424747095,138.60000610351562,37.39999771118164
1767424747103,142.60000610351562,38.39999771118164
1767424747112,144.60000610351562,38.39999771118164
1767424747120,145.60000610351562,38.39999771118164
1767424747129,145.60000610351562,38.39999771118164
1767424747137,146.60000610351562,38.39999771118164
1767424747153,147.60000610351562,38.39999771118164
1767424747170,148.60000610351562,38.39999771118164
1767424747212,147.60000610351562,38.39999771118164
1767424747228,146.60000610351562,38.39999771118164
1767424747236,144.60000610351562,38.39999771118164
1767424747245,143.60000610351562,38.39999771118164
1767424747253,142.60000610351562,37.39999771118164
1767424747261,141.60000610351562,37.39999771118164
1767424747270,140.60000610351562,36.39999771118164
1767424747286,139.60000610351562,36.39999771118164
1767424747295,138.60000610351562,36.39999771118164
1767424747311,137.60000610351562,36.39999771118164
1767424747355,138.60000610351562,36.39999771118164
1767424747370,139.60000610351562,37.39999771118164
1767424747378,139.60000610351562,38.39999771118164
1767424747386,140.60000610351562,38.39999771118164
1767424747395,140.60000610351562,38.39999771118164
1767424747403,141.60000610351562,39.39999771118164
1767424747431,141.60000610351562,40.39999771118164
1767424747469,140.60000610351562,40.39999771118164
1767424747478,138.60000610351562,40.39999771118164
1767424747486,136.60000610351562,39.39999771118164
1767424747494,129.60000610351562,37.39999771118164
1767424747503,125.60000610351562,36.39999771118164
1767424747511,120.60000610351562,34.39999771118164
1767424747519,117.60000610351562,33.39999771118164
1767424747528,113.60000610351562,31.39999771118164
1767424747536,109.60000610351562,29.39999771118164
1767424747544,108.60000610351562,28.39999771118164
1767424747553,106.60000610351562,27.39999771118164
1767424747569,105.60000610351562,26.39999771118164
1767424747578,105.60000610351562,26.39999771118164
1767424747594,105.60000610351562,26.39999771118164
1767424747611,105.60000610351562,26.39999771118164
1767424747619,106.60000610351562,25.39999771118164
1767424747627,111.60000610351562,23.39999771118164
1767424747636,113.60000610351562,23.39999771118164
1767424747644,115.60000610351562,22.39999771118164
1767424747652,117.60000610351562,22.39999771118164
1767424747661,121.60000610351562,21.39999771118164
1767424747669,126.60000610351562,21.39999771118164
1767424747677,129.60000610351562,21.39999771118164
1767424747686,132.60000610351562,21.39999771118164
1767424747694,133.60000610351562,21.39999771118164
1767424747703,136.60000610351562,21.39999771118164
1767424747711,137.60000610351562,21.39999771118164
1767424747719,138.60000610351562,21.39999771118164
1767424747728,139.60000610351562,21.39999771118164
1767424747736,140.60000610351562,22.39999771118164
1767424747753,141.60000610351562,22.39999771118164
1767424747769,141.60000610351562,23.39999771118164
1767424747786,141.60000610351562,24.39999771118164
1767424747802,139.60000610351562,24.39999771118164
1767424747810,138.60000610351562,25.39999771118164
1767424747819,137.60000610351562,26.39999771118164
1767424747827,135.60000610351562,26.39999771118164
1767424747835,133.60000610351562,27.39999771118164
1767424747844,131.60000610351562,29.39999771118164
1767424747852,129.60000610351562,30.39999771118164
1767424747860,128.60000610351562,31.39999771118164
1767424747869,128.60000610351562,32.39999771118164
1767424747877,127.60000610351562,32.39999771118164
1767424747885,126.60000610351562,34.39999771118164
1767424747894,125.60000610351562,34.39999771118164
1767424747910,125.60000610351562,34.39999771118164
1767424747919,125.60000610351562,35.39999771118164
1767424747927,125.60000610351562,36.39999771118164
1767424747935,125.60000610351562,37.39999771118164
1767424747943,125.60000610351562,38.39999771118164
1767424747962,127.60000610351562,38.39999771118164
1767424747977,129.60000610351562,38.39999771118164
1767424747985,132.60000610351562,38.39999771118164
1767424747993,133.60000610351562,36.39999771118164
1767424748002,136.60000610351562,34.39999771118164
1767424748010,138.60000610351562,33.39999771118164
1767424748018,141.60000610351562,31.39999771118164
1767424748027,141.60000610351562,31.39999771118164
1767424748035,143.60000610351562,30.39999771118164
1767424748043,143.60000610351562,30.39999771118164
1767424748060,145.60000610351562,29.39999771118164
1767424748088,145.60000610351562,28.39999771118164
1767424748102,144.60000610351562,27.39999771118164
1767424748110,141.60000610351562,26.39999771118164
1767424748118,139.60000610351562,26.39999771118164
1767424748127,137.60000610351562,26.39999771118164
1767424748135,135.60000610351562,25.39999771118164
1767424748143,133.60000610351562,24.39999771118164
1767424748151,129.60000610351562,24.39999771118164
1767424748160,127.60000610351562,23.39999771118164
1767424748168,126.60000610351562,23.39999771118164
1767424748176,125.60000610351562,23.39999771118164
1767424748185,124.60000610351562,23.39999771118164
1767424748193,122.60000610351562,23.39999771118164
1767424748213,121.60000610351562,23.39999771118164
1767424748226,121.60000610351562,24.39999771118164
1767424748235,120.60000610351562,26.39999771118164
1767424751419,726.6000061035156,312.39999771118164
1767424751677,722.6000061035156,312.39999771118164
1767424751687,717.6000061035156,311.39999771118164
1767424751695,713.6000061035156,310.39999771118164
1767424751704,708.6000061035156,310.39999771118164
1767424751712,702.6000061035156,309.39999771118164
1767424751720,700.6000061035156,309.39999771118164
1767424751729,698.6000061035156,308.39999771118164
1767424751737,697.6000061035156,308.39999771118164
1767424751745,696.6000061035156,308.39999771118164
1767424751753,694.6000061035156,308.39999771118164
1767424751762,693.6000061035156,308.39999771118164
1767424751770,693.6000061035156,308.39999771118164
1767424751796,692.6000061035156,308.39999771118164
1767424751914,693.6000061035156,307.39999771118164
1767424751928,693.6000061035156,307.39999771118164
1767424753377,865.6000061035156,310.39999771118164
1767424753646,863.6000061035156,309.39999771118164
1767424753659,859.6000061035156,308.39999771118164
1767424753667,853.6000061035156,306.39999771118164
1767424753675,850.6000061035156,305.39999771118164
1767424753683,848.6000061035156,304.39999771118164
1767424753692,845.6000061035156,303.39999771118164
1767424753709,843.6000061035156,302.39999771118164
1767424753717,842.6000061035156,302.39999771118164
1767424753733,841.6000061035156,302.39999771118164
1767424753742,841.6000061035156,302.39999771118164
1767424753758,840.6000061035156,302.39999771118164
-1,-1,-1
1767424745218,,
1767424751419,,
1767424753377,,
-1,-1,-1
1767424748248,,
1767424751942,,
1767424753897,,
