1767413052309,465,321.39999771118164
1767413052880,466,225.39999771118164
1767413052887,473,188.39999771118164
1767413052894,478,153.39999771118164
1767413052901,484,128.39999771118164
1767413052908,490,110.39999771118164
1767413052915,500,84.39999771118164
1767413052922,506,71.39999771118164
1767413052929,514,56.39999771118164
1767413052936,526,37.39999771118164
1767413052943,537,24.39999771118164
1767413052950,554,8.39999771118164
1767413054242,816,115.39999771118164
1767413054357,814,115.39999771118164
1767413054363,810,113.39999771118164
1767413054369,806,109.39999771118164
1767413054378,800,104.39999771118164
1767413054383,794,96.39999771118164
1767413054390,788,88.39999771118164
1767413054398,783,79.39999771118164
1767413054405,779,72.39999771118164
1767413054411,777,67.39999771118164
1767413054419,774,62.39999771118164
1767413054425,774,58.39999771118164
1767413054431,773,56.39999771118164
1767413054442,771,54.39999771118164
1767413054447,771,52.39999771118164
1767413054452,770,51.39999771118164
1767413054471,769,50.39999771118164
1767413054478,768,50.39999771118164
1767413054485,768,49.39999771118164
1767413054493,767,49.39999771118164
1767413054512,766,48.39999771118164
1767413054555,765,47.39999771118164
1767413054576,764,47.39999771118164
1767413054596,763,47.39999771118164
1767413054603,763,46.39999771118164
1767413054610,763,45.39999771118164
1767413054630,762,45.39999771118164
1767413055233,766,47.39999771118164
1767413055240,769,48.39999771118164
1767413055247,771,48.39999771118164
1767413055254,775,50.39999771118164
1767413055261,778,50.39999771118164
1767413055267,781,52.39999771118164
1767413055274,783,52.39999771118164
1767413055281,786,52.39999771118164
1767413055288,787,52.39999771118164
1767413055295,790,54.39999771118164
1767413055302,792,54.39999771118164
1767413055308,794,54.39999771118164
1767413055325,796,55.39999771118164
1767413055332,798,55.39999771118164
1767413055343,799,55.39999771118164
1767413055350,800,55.39999771118164
1767413055356,802,55.39999771118164
1767413055384,804,55.39999771118164
1767413055993,803,55.39999771118164
1767413056000,801,56.39999771118164
1767413056008,800,56.39999771118164
1767413056014,798,56.39999771118164
1767413056020,797,57.39999771118164
1767413056029,794,58.39999771118164
1767413056034,793,59.39999771118164
1767413056041,791,59.39999771118164
1767413056050,790,60.39999771118164
1767413056055,788,60.39999771118164
1767413056062,786,61.39999771118164
1767413056068,785,61.39999771118164
1767413056075,784,62.39999771118164
1767413056082,782,62.39999771118164
1767413056089,782,63.39999771118164
1767413056096,781,63.39999771118164
1767413056103,780,63.39999771118164
1767413057406,780,64.39999771118164
1767413057410,778,67.39999771118164
1767413057416,778,72.39999771118164
1767413057426,776,76.39999771118164
1767413057430,774,80.39999771118164
1767413057437,774,84.39999771118164
1767413057447,772,89.39999771118164
1767413057451,772,92.39999771118164
1767413057457,771,97.39999771118164
1767413057464,770,100.39999771118164
1767413057471,770,104.39999771118164
1767413057478,770,105.39999771118164
1767413057485,770,107.39999771118164
1767413057492,770,109.39999771118164
1767413057499,770,111.39999771118164
1767413057505,770,112.39999771118164
1767413057512,770,113.39999771118164
1767413057519,770,115.39999771118164
1767413057526,770,116.39999771118164
1767413057540,770,117.39999771118164
1767413057547,770,118.39999771118164
1767413057554,770,119.39999771118164
1767413057567,770,120.39999771118164
1767413057582,770,121.39999771118164
1767413057589,770,122.39999771118164
1767413057596,770,123.39999771118164
1767413057603,770,124.39999771118164
1767413057615,770,125.39999771118164
1767413057622,770,126.39999771118164
1767413057629,770,127.39999771118164
1767413057636,770,128.39999771118164
1767413057642,770,129.39999771118164
1767413057658,770,131.39999771118164
1767413057665,770,132.39999771118164
1767413057677,770,133.39999771118164
1767413057683,770,134.39999771118164
1767413057690,770,135.39999771118164
1767413057697,770,136.39999771118164
1767413057714,770,137.39999771118164
1767413057721,770,138.39999771118164
1767413057731,770,140.39999771118164
1767413057752,770,141.39999771118164
1767413057769,770,142.39999771118164
1767413057776,770,143.39999771118164
1767413057783,770,144.39999771118164
1767413057793,770,145.39999771118164
1767413057800,770,146.39999771118164
1767413057818,770,148.39999771118164
1767413057839,770,149.39999771118164
1767413057846,770,150.39999771118164
1767413057853,770,151.39999771118164
1767413057862,770,152.39999771118164
1767413057880,770,153.39999771118164
1767413057887,770,154.39999771118164
1767413057894,770,155.39999771118164
1767413057903,770,156.39999771118164
1767413057910,770,157.39999771118164
1767413057916,770,158.39999771118164
1767413057923,770,159.39999771118164
1767413057930,770,160.39999771118164
1767413057937,770,162.39999771118164
1767413057944,770,163.39999771118164
1767413057951,770,164.39999771118164
1767413057971,770,165.39999771118164
1767413057978,770,167.39999771118164
1767413057985,770,168.39999771118164
1767413058292,770,169.39999771118164
1767413058311,768,179.39999771118164
1767413058318,764,204.39999771118164
1767413058325,763,211.39999771118164
1767413058332,762,216.39999771118164
1767413058339,762,224.39999771118164
1767413058346,762,228.39999771118164
1767413058353,762,232.39999771118164
1767413058360,762,235.39999771118164
1767413058367,762,238.39999771118164
1767413058373,762,244.39999771118164
1767413058380,762,247.39999771118164
1767413058387,762,250.39999771118164
1767413058394,762,252.39999771118164
1767413058401,762,253.39999771118164
1767413058408,762,255.39999771118164
1767413058415,762,256.39999771118164
1767413058422,762,257.39999771118164
1767413058429,761,260.39999771118164
1767413058450,760,262.39999771118164
1767413059092,761,262.39999771118164
1767413059110,767,259.39999771118164
1767413059117,772,257.39999771118164
1767413059124,774,257.39999771118164
1767413059131,776,256.39999771118164
1767413059138,778,255.39999771118164
1767413059144,779,255.39999771118164
1767413059151,782,255.39999771118164
1767413059158,783,254.39999771118164
1767413059166,784,254.39999771118164
1767413059173,786,254.39999771118164
1767413059179,787,253.39999771118164
1767413059186,789,253.39999771118164
1767413059193,790,252.39999771118164
1767413059200,793,252.39999771118164
1767413059207,794,252.39999771118164
1767413059214,796,252.39999771118164
1767413059221,798,252.39999771118164
1767413059228,800,252.39999771118164
1767413059235,802,252.39999771118164
1767413059242,805,252.39999771118164
1767413059249,806,252.39999771118164
1767413059256,810,251.39999771118164
1767413060689,806,249.39999771118164
1767413060707,791,240.39999771118164
1767413060714,781,234.39999771118164
1767413060721,766,224.39999771118164
1767413060728,751,216.39999771118164
1767413060735,742,213.39999771118164
1767413060742,735,211.39999771118164
1767413060749,723,206.39999771118164
1767413060756,719,205.39999771118164
1767413060763,716,204.39999771118164
1767413060770,712,203.39999771118164
1767413060777,710,202.39999771118164
1767413060784,706,201.39999771118164
1767413060790,702,200.39999771118164
1767413060797,700,200.39999771118164
1767413060804,698,200.39999771118164
1767413060817,696,200.39999771118164
1767413060832,695,199.39999771118164
1767413060839,694,199.39999771118164
1767413060865,693,199.39999771118164
1767413060886,692,199.39999771118164
1767413060907,691,199.39999771118164
1767413060941,690,199.39999771118164
1767413061092,691,199.39999771118164
1767413061098,692,199.39999771118164
1767413061105,693,199.39999771118164
1767413061111,694,199.39999771118164
1767413061118,696,199.39999771118164
1767413061125,698,199.39999771118164
1767413061132,702,199.39999771118164
1767413061139,706,199.39999771118164
1767413061146,709,200.39999771118164
1767413061153,714,200.39999771118164
1767413061159,720,201.39999771118164
1767413061166,727,203.39999771118164
1767413061173,736,206.39999771118164
1767413061180,743,210.39999771118164
1767413061187,761,225.39999771118164
1767413061194,778,253.39999771118164
1767413061201,784,265.39999771118164
1767413061207,791,280.39999771118164
1767413061215,795,289.39999771118164
1767413061222,799,297.39999771118164
1767413061228,802,305.39999771118164
1767413061235,805,310.39999771118164
1767413063164,770,304.39999771118164
1767413063179,706,292.39999771118164
1767413063187,665,283.39999771118164
1767413063193,629,276.39999771118164
1767413063200,593,268.39999771118164
1767413063207,550,256.39999771118164
1767413063214,516,252.39999771118164
1767413063221,482,247.39999771118164
1767413063228,433,238.39999771118164
1767413063235,398,229.39999771118164
1767413063242,359,216.39999771118164
1767413063249,340,211.39999771118164
1767413063256,305,196.39999771118164
1767413063263,289,191.39999771118164
1767413063270,273,184.39999771118164
1767413063277,263,180.39999771118164
1767413063283,257,176.39999771118164
1767413063290,250,170.39999771118164
1767413063297,248,168.39999771118164
1767413063304,247,166.39999771118164
1767413063311,247,165.39999771118164
1767413063539,244,165.39999771118164
1767413063561,226,169.39999771118164
1767413063568,222,169.39999771118164
1767413063575,218,169.39999771118164
1767413063582,214,169.39999771118164
1767413063589,212,169.39999771118164
1767413063596,210,169.39999771118164
1767413063603,208,168.39999771118164
1767413063610,206,168.39999771118164
1767413063617,205,167.39999771118164
1767413063624,202,166.39999771118164
1767413063631,200,166.39999771118164
1767413063638,196,164.39999771118164
1767413063645,192,162.39999771118164
1767413063652,190,160.39999771118164
1767413063659,185,159.39999771118164
1767413063665,182,157.39999771118164
1767413063672,180,156.39999771118164
1767413063679,178,155.39999771118164
1767413063686,175,155.39999771118164
1767413063693,174,154.39999771118164
1767413063700,173,154.39999771118164
1767413063707,171,153.39999771118164
1767413063716,170,153.39999771118164
1767413063735,170,152.39999771118164
1767413063744,169,152.39999771118164
1767413063751,168,152.39999771118164
1767413063771,167,152.39999771118164
1767413063790,166,151.39999771118164
1767413063827,165,150.39999771118164
1767413063846,165,149.39999771118164
1767413064556,166,148.39999771118164
1767413064576,167,148.39999771118164
1767413064583,168,148.39999771118164
1767413064596,169,148.39999771118164
1767413064603,170,148.39999771118164
1767413064624,170,147.39999771118164
1767413064657,171,147.39999771118164
1767413064665,171,146.39999771118164
1767413064692,172,145.39999771118164
1767413064707,173,144.39999771118164
1767413065397,194,152.39999771118164
1767413065416,260,189.39999771118164
1767413065422,306,221.39999771118164
1767413065429,366,268.39999771118164
1767413065436,410,303.39999771118164
1767413065443,470,355.39999771118164
1767413065450,514,392.39999771118164
1767413065457,544,426.39999771118164
1767413065464,584,468.39999771118164
1767413065704,587,473.39999771118164
1767413065721,603,489.39999771118164
1767413065728,618,503.39999771118164
1767413065735,636,516.3999977111816
1767413065742,651,528.3999977111816
1767413065749,669,540.3999977111816
1767413065756,680,548.3999977111816
1767413065763,691,556.3999977111816
1767413065770,713,568.3999977111816
1767413065777,727,577.3999977111816
1767413065784,748,586.3999977111816
1767413065790,766,594.3999977111816
-1,-1,-1
1767413054834,762,45.39999771118164
1767413055589,804,55.39999771118164
1767413056308,780,63.39999771118164
1767413058671,760,262.39999771118164
1767413059514,810,251.39999771118164
1767413064030,165,149.39999771118164
-1,-1,-1
1767413054834,,
1767413055589,,
1767413056308,,
1767413058671,,
1767413059514,,
1767413064030,,
-1,-1,-1
1767413055055,,
1767413055805,,
1767413056531,,
1767413058889,,
1767413059722,,
1767413064236,,
