1762218898811,650,507
1762218899337,650,507
1762218899354,651,511
1762218899370,651,513
1762218899387,651,515
1762218899403,646,519
1762218899420,632,524
1762218899437,591,531
1762218899453,506,534
1762218899470,415,534
1762218899487,347,529
1762218899503,265,515
1762218899520,227,499
1762218899537,217,489
1762218899554,193,440
1762218899570,191,415
1762218899586,190,377
1762218899603,191,343
1762218899620,200,314
1762218899637,208,296
1762218899653,219,279
1762218899892,219,284
1762218899903,219,289
1762218899920,219,304
1762218899937,217,315
1762218899953,214,323
1762218899970,208,333
1762218899987,204,337
1762218900004,197,341
1762218900021,189,341
1762218900037,179,333
1762218900053,160,307
1762218900070,144,270
1762218900087,129,221
1762218900103,120,164
1762218900120,119,128
1762218900137,121,76
1762218900153,125,60
1762218900170,129,48
1762218900186,132,44
1762218900203,134,43
1762218900220,135,43
1762218900237,136,43
1762218900253,137,46
1762218900270,138,50
1762218900287,142,60
1762218900303,150,75
1762218900320,158,93
1762218900337,168,114
1762218900353,174,132
1762218900370,180,151
1762218900387,183,163
1762218900403,184,171
1762218900420,185,176
1762218900437,185,177
1762218900453,185,178
1762218900470,185,178
1762218900487,189,179
1762218900503,201,180
1762218900520,233,184
1762218900536,303,194
1762218900553,402,205
1762218900570,526,228
1762218900586,613,252
1762218900603,703,294
1762218900620,728,311
1762218900637,746,327
1762218900653,756,338
1762218900670,762,343
1762218900687,766,345
1762218900703,769,346
1762218900720,772,346
1762218900737,772,346
1762218900753,772,346
1762218900770,755,340
1762218900786,733,329
1762218900803,706,312
1762218900820,683,289
1762218900837,663,251
1762218900853,660,211
1762218900870,664,168
1762218900887,685,119
1762218900903,702,91
1762218900920,721,68
1762218900937,726,65
1762218900953,740,65
1762218900970,747,83
1762218900986,755,127
1762218901003,758,159
1762218901020,759,208
1762218901036,759,230
1762218901053,759,243
1762218901070,759,254
1762218901086,757,256
1762218901103,757,257
1762218901120,757,257
1762218901136,756,257
1762218901153,756,257
1762218901170,756,257
1762218901186,755,258
1762218901203,752,258
1762218901220,743,258
1762218901236,728,256
1762218901253,694,244
1762218901270,627,212
1762218901286,533,172
1762218901303,406,132
1762218901320,278,106
1762218901337,235,103
1762218901353,186,97
1762218901370,149,92
1762218901387,134,88
1762218901403,131,86
1762218901420,131,85
1762218901673,131,87
1762218901687,130,90
1762218901703,116,115
1762218901720,98,146
1762218901737,83,175
1762218901753,72,198
1762218901770,62,221
1762218901786,57,230
1762218901803,56,234
1762218901820,53,237
1762218901836,53,236
1762218901957,53,236
1762218901970,53,239
1762218901987,53,246
1762218902003,51,259
1762218902020,43,278
1762218902036,38,288
1762218902053,35,294
1762218902070,33,298
1762218902086,32,299
1762218902103,32,299
1762218902120,32,299
1762218902250,32,299
1762218902257,32,298
1762218902270,33,297
1762218902287,34,295
1762218902303,36,292
1762218902320,38,289
1762218902336,39,288
1762218902353,39,287
1762218902370,40,287
1762218902387,40,286
1762218902403,40,286
1762218902420,41,286
1762218902436,41,286
1762218902453,42,284
1762218902470,43,283
1762218902487,43,282
1762218902503,44,282
1762218902520,44,281
1762218902614,44,281
1762218902621,44,280
1762218902636,45,279
1762218902653,48,272
1762218902670,50,268
1762218902686,53,264
1762218902703,54,261
1762218902720,55,259
1762218902736,55,259
1762218902753,55,259
1762218903032,55,259
1762218903048,55,260
1762218903065,55,263
1762218903082,55,265
1762218903098,55,268
1762218903115,55,270
1762218903132,55,274
1762218903148,55,278
1762218903165,55,281
1762218903182,55,285
1762218903198,55,289
1762218903215,55,293
1762218903232,55,296
1762218903248,55,299
1762218903265,55,302
1762218903282,55,305
1762218903299,55,307
1762218903315,55,309
1762218903332,55,310
1762218903348,55,310
1762218903432,55,311
1762218903483,54,311
1762218903533,54,310
1762218903550,54,309
1762218903555,53,308
1762218903722,53,307
1762218903737,53,306
1762218903753,53,300
1762218903770,53,294
1762218903787,52,283
1762218903803,51,275
1762218903820,51,267
1762218903836,50,262
1762218903853,49,259
1762218903870,49,258
1762218903886,49,257
1762218903903,49,256
1762218903920,49,255
1762218903936,49,255
1762218903953,49,255
1762218904166,49,255
1762218904183,49,256
1762218904199,49,258
1762218904216,49,261
1762218904232,49,264
1762218904249,49,267
1762218904265,49,271
1762218904282,49,274
1762218904298,49,277
1762218904315,49,279
1762218904332,49,280
1762218904348,49,283
1762218904365,49,286
1762218904382,49,291
1762218904399,48,295
1762218904416,48,297
1762218904433,48,299
1762218904449,48,300
1762218904567,48,300
1762218904587,48,301
1762218904603,48,303
1762218904619,48,307
1762218904636,48,311
1762218904652,48,314
1762218904670,48,316
1762218904686,48,316
1762218904749,48,317
1762218904766,48,316
1762218904783,48,315
1762218904786,48,314
1762218904932,48,313
1762218904940,48,312
1762218904954,48,310
1762218904970,48,306
1762218904987,48,300
1762218905004,48,285
1762218905019,48,281
1762218905037,48,266
1762218905053,48,261
1762218905070,48,256
1762218905088,48,252
1762218905103,49,250
1762218905121,49,248
1762218905136,49,247
1762218905153,49,247
1762218905170,49,246
1762218905296,49,246
1762218905416,49,247
1762218905433,49,248
1762218905449,49,249
1762218905465,49,250
1762218905482,49,251
1762218905499,49,253
1762218905515,49,256
1762218905532,49,260
1762218905549,49,263
1762218905565,49,266
1762218905582,49,269
1762218905598,49,272
1762218905615,49,275
1762218905632,49,279
1762218905649,49,283
1762218905666,49,285
1762218905682,49,287
1762218905699,48,287
1762218905716,48,289
1762218905732,48,291
1762218905749,48,294
1762218905766,47,298
1762218905782,47,300
1762218905799,46,301
1762218905815,46,302
1762218905833,46,302
1762218905849,46,303
1762218905886,44,308
1762218905902,43,309
1762218905919,43,310
1762218905983,43,310
1762218906000,43,308
1762218906168,43,308
1762218906176,43,306
1762218906187,43,305
1762218906204,43,300
1762218906220,43,293
1762218906237,42,286
1762218906254,42,282
1762218906270,40,274
1762218906286,40,270
1762218906304,39,267
1762218906320,39,265
1762218906337,39,262
1762218906353,39,260
1762218906370,39,258
1762218906387,39,257
1762218906403,39,257
1762218906420,39,257
1762218906502,39,257
1762218906583,39,257
1762218906602,39,259
1762218906619,39,261
1762218906636,39,262
1762218906652,39,264
1762218906669,39,266
1762218906686,39,269
1762218906703,39,273
1762218906720,39,277
1762218906736,39,281
1762218906753,39,284
1762218906769,39,286
1762218906787,39,286
1762218906803,39,287
1762218906820,39,287
1762218906836,39,288
1762218906853,39,290
1762218906870,39,292
1762218906886,39,294
1762218906903,39,295
1762218906920,39,296
1762218906970,39,296
1762218907166,39,296
1762218907186,39,297
1762218907203,39,299
1762218907220,39,301
1762218907236,39,303
1762218907253,39,304
1762218907270,39,305
1762218907464,41,305
1762218907472,45,304
1762218907486,50,303
1762218907503,65,302
1762218907521,92,299
1762218907536,129,296
1762218907553,161,291
1762218907570,180,287
1762218907586,200,283
1762218907603,208,281
1762218907619,216,280
1762218907636,219,279
1762218907653,221,279
1762218907670,222,279
1762218907702,222,278
1762218907710,221,278
1762218907720,220,277
1762218907736,218,276
1762218907753,216,273
1762218907770,213,271
1762218907786,209,268
1762218907803,205,266
1762218907820,202,264
1762218907837,194,262
1762218907852,188,261
1762218907870,183,261
1762218907887,178,261
1762218907903,175,261
1762218907920,173,261
1762218907936,172,261
1762218907953,172,261
1762218908082,172,261
1762218908089,173,261
1762218908103,175,261
1762218908120,178,261
1762218908136,181,261
1762218908154,186,261
1762218908170,188,262
1762218908186,189,262
1762218908203,190,262
1762218908220,190,262
1762218908235,191,262
1762218908311,190,261
1762218908320,190,261
1762218908337,189,260
1762218908353,189,259
1762218908370,189,259
1762218908390,188,259
1762218908436,188,259
1762218908484,188,259
1762218908565,188,259
1762218908581,188,260
1762218908598,188,262
1762218908615,188,265
1762218908632,188,268
1762218908648,188,271
1762218908665,188,274
1762218908682,188,278
1762218908698,188,282
1762218908715,188,285
1762218908731,188,287
1762218908748,188,290
1762218908765,188,292
1762218908782,188,294
1762218908798,188,296
1762218908815,187,299
1762218908832,187,301
1762218908849,186,303
1762218908865,186,305
1762218908882,185,307
1762218908901,185,309
1762218908915,185,309
1762218908932,184,310
1762218908948,184,310
1762218909221,184,310
1762218909236,184,308
1762218909253,184,300
1762218909270,186,289
1762218909286,188,280
1762218909303,190,274
1762218909320,191,268
1762218909336,191,264
1762218909353,192,263
1762218909370,192,263
1762218909386,192,262
1762218909404,192,262
1762218909419,192,262
1762218909436,191,261
1762218909453,191,261
1762218909470,191,261
1762218909498,191,261
1762218909514,190,261
1762218909570,190,261
1762218909648,190,262
1762218909665,190,262
1762218909682,190,263
1762218909698,190,264
1762218909715,190,267
1762218909732,190,268
1762218909749,190,270
1762218909765,190,272
1762218909782,190,274
1762218909798,190,274
1762218909815,190,276
1762218909832,190,278
1762218909849,190,280
1762218909865,190,283
1762218909882,190,285
1762218909898,190,286
1762218909915,190,287
1762218909953,190,287
1762218910003,189,287
1762218910020,189,289
1762218910035,187,292
1762218910053,185,296
1762218910070,183,299
1762218910086,182,302
1762218910103,181,304
1762218910120,181,305
1762218910136,181,305
1762218910215,180,305
1762218910299,180,305
1762218910315,180,305
1762218910504,180,304
1762218910520,180,303
1762218910536,180,296
1762218910554,181,290
1762218910570,182,283
1762218910586,183,278
1762218910603,184,275
1762218910620,184,274
1762218910636,185,273
1762218910653,185,272
1762218910882,185,273
1762218910898,185,273
1762218910916,185,274
1762218910932,185,275
1762218910948,185,276
1762218910965,185,277
1762218910982,185,278
1762218910998,185,280
1762218911015,185,281
1762218911032,185,283
1762218911049,185,284
1762218911065,185,286
1762218911082,185,287
1762218911098,185,289
1762218911115,185,291
1762218911132,185,292
1762218911148,185,292
1762218911232,184,293
1762218911248,184,295
1762218911265,183,298
1762218911282,182,302
1762218911298,182,305
1762218911315,182,306
1762218911332,181,307
1762218911382,181,307
1762218911420,181,307
1762218911436,181,303
1762218911629,181,303
1762218911637,184,298
1762218911653,192,289
1762218911670,196,283
1762218911687,202,277
1762218911704,205,274
1762218911720,207,273
1762218911737,208,272
1762218911753,209,272
1762218911771,209,272
1762218911786,209,272
1762218911906,209,272
1762218911921,207,274
1762218911938,204,277
1762218911953,199,283
1762218911970,196,287
1762218911987,192,290
1762218912003,190,292
1762218912021,190,293
1762218912036,189,293
1762218912053,189,294
1762218912071,189,294
1762218912206,189,294
1762218912220,190,294
1762218912237,190,294
1762218912253,191,294
1762218912270,192,294
1762218912287,192,294
1762218912336,192,294
1762218912419,193,294
1762218912549,193,294
1762218912570,193,294
1762218912895,192,294
1762218912920,188,289
1762218912937,182,276
1762218912954,178,265
1762218912971,170,195
1762218912987,168,153
1762218913003,166,121
1762218913020,163,91
1762218913037,163,73
1762218913053,163,70
1762218913291,161,70
1762218913303,160,70
1762218913320,155,69
1762218913337,149,67
1762218913354,138,61
1762218913370,132,55
1762218913387,127,48
1762218913404,124,44
1762218913420,120,39
1762218913437,116,33
1762218913455,114,29
1762218913470,112,26
1762218913487,110,24
1762218913503,108,23
1762218913520,106,23
1762218913536,105,23
1762218913553,105,23
1762218913570,103,23
1762218913587,102,23
1762218913603,100,23
1762218913621,99,23
1762218913637,97,23
1762218913653,97,23
1762218913671,97,22
1762218913687,96,22
1762218913703,96,22
1762218913720,96,22
1762218913737,96,21
1762218913753,95,21
1762218913770,95,21
1762218914027,95,20
1762218914098,95,20
1762218914137,95,20
1762218914161,95,20
1762218914184,95,20
1762218914200,96,19
1762218914216,96,19
1762218914224,96,19
1762218914237,97,19
1762218914253,98,19
1762218914270,99,19
1762218914287,100,19
1762218914304,103,19
1762218914320,106,19
1762218914337,110,19
1762218914352,114,19
1762218914370,119,20
1762218914388,123,21
1762218914403,126,22
1762218914421,128,23
1762218914437,130,24
1762218914453,130,24
1762218914470,131,24
1762218914486,131,25
1762218914533,130,25
1762218914541,129,24
1762218914553,127,22
1762218914570,122,21
1762218914587,118,20
1762218914603,114,19
1762218914620,105,19
1762218914637,101,21
1762218914653,96,26
1762218914670,92,31
1762218914687,89,38
1762218914703,86,45
1762218914721,86,51
1762218914737,84,57
1762218914753,84,65
1762218914770,86,72
1762218914786,89,77
1762218914803,94,83
1762218914821,97,87
1762218914837,101,89
1762218914854,105,91
1762218914870,111,91
1762218914886,114,91
1762218914904,121,90
1762218914920,122,89
1762218914937,126,87
1762218914954,129,85
1762218914969,132,81
1762218914987,136,74
1762218915003,139,71
1762218915020,146,55
1762218915037,147,49
1762218915053,148,40
1762218915071,146,33
1762218915086,144,31
1762218915103,136,25
1762218915120,132,23
1762218915137,128,20
1762218915153,124,19
1762218915170,121,18
1762218915187,118,18
1762218915204,116,18
1762218915220,112,18
1762218915237,110,18
1762218915253,106,19
1762218915270,103,21
1762218915287,101,24
1762218915304,98,28
1762218915319,96,32
1762218915336,94,38
1762218915353,94,41
1762218915370,94,46
1762218915387,94,50
1762218915404,94,56
1762218915420,94,59
1762218915437,94,62
1762218915453,94,64
1762218915470,94,66
1762218915487,95,68
1762218915503,96,69
1762218915521,97,71
1762218915537,98,72
1762218915553,99,73
1762218915570,101,75
1762218915587,101,75
1762218915603,102,76
1762218915620,104,77
1762218915637,106,78
1762218915653,107,78
1762218915671,109,78
1762218915687,111,79
1762218915704,114,79
1762218915720,116,79
1762218915737,117,79
1762218915753,118,79
1762218915770,118,79
1762218915787,119,79
1762218915803,119,79
1762218915820,120,79
1762218915837,120,79
1762218915854,120,78
1762218915870,120,76
1762218915887,119,72
1762218915903,117,69
1762218915921,116,64
1762218915937,114,59
1762218915953,113,56
1762218915970,112,52
1762218915987,111,49
1762218916005,110,46
1762218916020,109,44
1762218916037,108,43
1762218916054,108,42
1762218916070,108,42
1762218916087,108,42
1762218916156,108,42
1762218916466,108,41
1762218916487,108,40
1762218916503,108,37
1762218916520,108,37
1762218916537,107,36
1762218916553,107,36
1762218916571,107,35
1762218916586,107,35
1762218916603,107,34
1762218916620,107,33
1762218916637,107,32
1762218916653,106,31
1762218916670,106,30
1762218916687,106,29
1762218916702,105,27
1762218916719,105,26
1762218916736,105,26
1762218916753,104,25
1762218916770,104,25
1762218916788,104,25
1762218916837,103,25
1762218916854,103,24
1762218916883,103,24
1762218916891,103,24
1762218916903,103,24
1762218916920,102,24
1762218916936,102,24
1762218916987,102,24
1762218917003,102,23
1762218917020,101,23
1762218917037,101,23
1762218917053,100,23
1762218917070,100,23
1762218917087,100,23
1762218917104,99,23
1762218917153,99,23
1762218917240,99,23
1762218917462,98,23
1762218917470,98,24
1762218917487,98,24
1762218917504,98,24
1762218917520,97,24
1762218917537,97,25
1762218917644,97,25
1762218917653,97,26
1762218917670,97,28
1762218917687,97,32
1762218917704,99,37
1762218917720,100,44
1762218917738,101,52
1762218917752,101,59
1762218917770,102,73
1762218917787,103,80
1762218917802,103,87
1762218917819,103,97
1762218917837,103,107
1762218917854,102,115
1762218917869,102,123
1762218917887,101,132
1762218917903,101,139
1762218917921,101,150
1762218917937,101,156
1762218917953,101,162
1762218917971,101,167
1762218917986,101,169
1762218918134,101,170
1762218918141,101,174
1762218918153,99,177
1762218918170,96,185
1762218918187,94,189
1762218918203,92,194
1762218918220,90,198
1762218918237,88,200
1762218918253,87,200
1762218918270,87,200
1762218918287,87,200
1762218918307,86,200
1762218918320,86,200
1762218918336,86,200
1762218918353,85,199
1762218918369,85,194
1762218918386,85,190
1762218918403,87,186
1762218918420,89,182
1762218918435,90,180
1762218918453,93,178
1762218918469,95,176
1762218918486,98,175
1762218918503,100,174
1762218918519,100,173
1762218918536,101,173
1762218918553,101,173
1762218918647,101,173
1762218918655,101,172
1762218918670,101,172
1762218918686,101,169
1762218918703,101,165
1762218918720,101,163
1762218918736,101,161
1762218918753,101,160
1762218918770,101,159
1762218918788,102,158
1762218918802,102,156
1762218918820,103,154
1762218918836,103,153
1762218918853,104,151
1762218918870,104,151
1762218918886,105,150
1762218918903,105,149
1762218918920,106,148
1762218918936,107,148
1762218918953,108,147
1762218918970,108,147
1762218918986,109,146
1762218919003,110,145
1762218919020,113,143
1762218919037,114,141
1762218919052,115,140
1762218919070,116,140
1762218919086,116,140
1762218919103,117,139
1762218919344,117,140
1762218919370,117,140
1762218919391,117,140
1762218919487,116,140
1762218919502,116,140
1762218919520,116,139
1762218919537,116,139
1762218919586,116,139
1762218919732,116,139
1762218919750,116,140
1762218919765,116,141
1762218919782,116,142
1762218919799,116,144
1762218919815,116,146
1762218919832,116,149
1762218919849,116,151
1762218919866,116,153
1762218919882,116,154
1762218919899,116,154
1762218919936,116,155
1762218919953,116,156
1762218919970,117,159
1762218919986,117,161
1762218920003,117,164
1762218920020,118,165
1762218920036,118,166
1762218920053,118,167
1762218920116,118,167
1762218920170,118,167
1762218920219,118,167
1762218920249,118,168
1762218920383,118,168
1762218920400,118,167
1762218920403,118,167
1762218920674,118,165
1762218920686,118,162
1762218920704,118,155
1762218920720,123,143
1762218920737,145,115
1762218920752,158,102
1762218920770,182,85
1762218920787,204,77
1762218920804,221,77
1762218920819,237,81
1762218920836,258,93
1762218920853,279,107
1762218920870,293,118
1762218920887,308,130
1762218920904,317,139
1762218920920,319,140
1762218920937,319,141
1762218921164,320,141
1762218921172,323,141
1762218921187,328,141
1762218921204,352,142
1762218921221,427,146
1762218921237,497,152
1762218921253,564,162
1762218921270,584,167
1762218921287,606,172
1762218921303,620,174
1762218921320,627,175
1762218921337,627,175
1762218921544,629,175
1762218921553,634,174
1762218921571,662,169
1762218921585,687,165
1762218921602,714,162
1762218921620,739,161
1762218921637,750,161
1762218921654,760,161
1762218921670,769,164
1762218921687,776,166
1762218921703,785,169
1762218921721,791,170
1762218921736,794,171
1762218921753,796,171
1762218922544,795,171
1762218922554,792,171
1762218922569,771,170
1762218922587,697,161
1762218922604,536,141
1762218922620,354,133
1762218922637,231,133
1762218922654,171,133
1762218922669,127,127
1762218922686,112,120
1762218922703,108,113
1762218922720,108,110
1762218922890,108,110
1762218922904,108,109
1762218922920,108,105
1762218922937,108,96
1762218922953,109,83
1762218922970,112,77
1762218922987,117,73
1762218923003,120,70
1762218923020,122,69
1762218923037,123,69
1762218923053,124,69
1762218923070,124,68
1762218923087,124,68
1762218923151,124,68
1762218923163,123,68
1762218923171,121,68
1762218923186,117,68
1762218923203,111,66
1762218923221,104,63
1762218923237,96,57
1762218923253,92,53
1762218923270,86,47
1762218923286,85,45
1762218923303,85,42
1762218923320,86,40
1762218923337,93,38
1762218923353,104,35
1762218923370,118,34
1762218923387,131,34
1762218923404,142,37
1762218923420,146,41
1762218923436,150,46
1762218923453,150,49
1762218923470,149,51
1762218923488,142,52
1762218923503,134,53
1762218923520,124,53
1762218923536,116,50
1762218923553,110,44
1762218923570,106,38
1762218923586,105,28
1762218923603,107,20
1762218923620,115,14
1762218923637,126,9
1762218923654,138,7
1762218923669,144,7
1762218923687,153,9
1762218923704,156,15
1762218923720,157,22
1762218923737,157,29
1762218923754,151,37
1762218923770,145,42
1762218923786,138,44
1762218923803,133,45
1762218923820,127,45
1762218923837,122,42
1762218923853,119,40
1762218923870,116,37
1762218923886,114,34
1762218923902,114,34
1762218923919,113,34
1762218924886,113,34
1762218924902,114,35
1762218924919,114,36
1762218924937,115,37
1762218924953,115,38
1762218924970,115,38
1762218924987,114,38
1762218925002,113,38
1762218925020,109,38
1762218925036,105,38
1762218925053,102,36
1762218925070,100,33
1762218925086,99,31
1762218925103,98,30
1762218925120,98,29
1762218925137,98,28
1762218925153,98,27
1762218925171,98,27
1762218925186,98,26
1762218925344,98,27
1762218925354,98,27
1762218925387,98,27
1762218925436,98,28
1762218925453,98,29
1762218925469,98,30
1762218925486,98,33
1762218925503,98,37
1762218925519,98,41
1762218925536,98,44
1762218925553,98,47
1762218925569,98,48
1762218925586,98,48
1762218925603,98,49
1762218925619,98,52
1762218925636,98,55
1762218925653,98,58
1762218925669,98,61
1762218925687,98,63
1762218925703,98,64
1762218925719,98,65
1762218925850,98,65
1762218925870,98,66
1762218925886,98,69
1762218925903,98,76
1762218925920,98,83
1762218925936,97,90
1762218925953,97,94
1762218925969,97,97
1762218925987,97,98
1762218926036,97,98
1762218926050,97,98
1762218926053,97,97
1762218926220,97,96
1762218926237,101,86
1762218926254,111,60
1762218926270,115,47
1762218926287,117,37
1762218926303,119,27
1762218926320,119,23
1762218926337,119,20
1762218926353,119,18
1762218926370,119,16
1762218926387,119,15
1762218926403,119,14
1762218926420,119,12
1762218926437,118,12
1762218926453,117,10
1762218926470,116,9
1762218926487,116,7
1762218926503,115,6
1762218926520,115,5
1762218926537,115,5
1762218926554,115,4
1762218926586,115,4
1762218926626,115,4
1762218926650,115,5
1762218926664,115,5
1762218926681,115,5
1762218926688,114,5
1762218926704,114,5
1762218926720,114,6
1762218926737,114,7
1762218926753,113,10
1762218926770,112,14
1762218926787,111,18
1762218926803,111,21
1762218926820,110,23
1762218926837,110,24
1762218926853,110,24
1762218926998,110,24
1762218927053,110,24
1762218927283,110,23
1762218927303,110,24
1762218927320,110,25
1762218927336,110,29
1762218927353,111,38
1762218927370,112,53
1762218927387,114,69
1762218927403,114,86
1762218927420,114,100
1762218927437,114,109
1762218927453,114,114
1762218927470,114,117
1762218927486,114,118
1762218927503,114,118
1762218927532,114,118
1762218927683,114,118
1762218927700,114,118
1762218927703,114,118
1762218927854,114,117
1762218927870,114,112
1762218927886,114,103
1762218927903,114,91
1762218927921,114,76
1762218927937,115,60
1762218927953,116,51
1762218927970,116,43
1762218927987,118,37
1762218928003,118,35
1762218928020,118,35
1762218928037,118,35
1762218928053,118,34
1762218928070,118,33
1762218928087,118,31
1762218928103,118,29
1762218928120,118,28
1762218928137,118,26
1762218928153,119,22
1762218928170,121,19
1762218928187,123,16
1762218928203,125,13
1762218928220,126,11
1762218928237,126,10
1762218928253,127,10
1762218928270,127,9
1762218928287,127,9
1762218928466,127,11
1762218928486,127,14
1762218928503,127,20
1762218928520,127,28
1762218928536,127,34
1762218928553,127,37
1762218928570,127,39
1762218928586,127,40
1762218928603,127,40
1762218928619,127,41
1762218928636,127,44
1762218928653,127,48
1762218928670,127,55
1762218928687,126,62
1762218928703,125,67
1762218928720,124,72
1762218928736,124,74
1762218928753,124,75
1762218928769,124,76
1762218928950,124,76
1762218928969,124,79
1762218928987,124,84
1762218929003,124,90
1762218929020,125,94
1762218929036,125,98
1762218929053,125,100
1762218929069,126,101
1762218929149,126,101
1762218929166,126,100
1762218929365,125,100
1762218929372,124,98
1762218929386,123,94
1762218929403,119,86
1762218929420,114,74
1762218929436,112,66
1762218929454,110,62
1762218929470,109,60
1762218929487,109,59
1762218929503,108,58
1762218929520,107,57
1762218929536,107,55
1762218929553,105,54
1762218929570,104,52
1762218929586,104,50
1762218929603,104,49
1762218929620,104,47
1762218929637,104,45
1762218929654,104,43
1762218929670,104,41
1762218929687,104,40
1762218929703,104,38
1762218929720,104,36
1762218929737,104,33
1762218929754,104,31
1762218929770,104,30
1762218929786,104,30
1762218929803,104,29
1762218929820,105,29
1762218929950,105,30
1762218929970,105,31
1762218929986,105,34
1762218930003,105,36
1762218930019,105,39
1762218930036,105,42
1762218930053,105,45
1762218930069,105,48
1762218930086,105,51
1762218930103,105,54
1762218930119,105,56
1762218930137,105,57
1762218930166,105,58
1762218930333,105,59
1762218930353,105,61
1762218930370,105,67
1762218930387,105,75
1762218930403,105,82
1762218930419,105,86
1762218930436,105,89
1762218930453,105,90
1762218930517,105,90
1762218930671,105,90
1762218930686,105,88
1762218930703,106,86
1762218930720,106,84
1762218930736,107,81
1762218930753,107,75
1762218930770,108,70
1762218930786,109,67
1762218930803,109,62
1762218930820,110,56
1762218930836,111,53
1762218930853,112,50
1762218930870,112,48
1762218930887,112,46
1762218930903,112,43
1762218930920,112,42
1762218930936,113,40
1762218930953,113,38
1762218930970,114,36
1762218930986,114,35
1762218931003,114,34
1762218931020,114,34
1762218931050,115,34
1762218931056,115,33
1762218931112,115,33
1762218931120,115,33
1762218931136,116,31
1762218931154,117,27
1762218931170,119,22
1762218931187,121,18
1762218931203,123,14
1762218931220,123,12
1762218931236,124,11
1762218931253,124,11
1762218931270,124,11
1762218931450,124,12
1762218931469,124,13
1762218931486,124,17
1762218931503,124,23
1762218931519,124,27
1762218931536,124,31
1762218931553,124,34
1762218931570,124,37
1762218931586,124,42
1762218931603,124,48
1762218931619,124,58
1762218931637,124,67
1762218931653,124,73
1762218931670,124,78
1762218931686,124,80
1762218931703,124,81
1762218931753,124,81
1762218931916,124,81
1762218931933,124,80
1762218932111,124,79
1762218932120,123,77
1762218932136,122,70
1762218932154,118,60
1762218932170,116,52
1762218932187,115,46
1762218932203,114,42
1762218932220,113,40
1762218932236,113,40
1762218932253,113,39
1762218932277,113,39
1762218932292,113,39
1762218932303,113,39
1762218932320,112,38
1762218932336,112,38
1762218932353,112,37
1762218932370,111,37
1762218932386,111,36
1762218932403,111,36
1762218932420,110,35
1762218932437,110,33
1762218932453,110,31
1762218932470,110,29
1762218932486,109,27
1762218932503,109,26
1762218932520,109,25
1762218932537,109,24
1762218932553,109,23
1762218932570,109,23
1762218932586,109,22
1762218932603,109,22
1762218932620,109,22
1762218932636,109,21
1762218932653,109,21
1762218932670,109,21
1762218932736,108,21
1762218932775,108,21
1762218932791,108,20
1762218932803,108,20
1762218932820,108,18
1762218932838,107,16
1762218932853,107,15
1762218932871,106,12
1762218932887,106,12
1762218932903,106,12
1762218933133,106,12
1762218933153,106,15
1762218933169,106,20
1762218933186,106,27
1762218933203,106,32
1762218933219,106,35
1762218933236,106,37
1762218933298,106,37
1762218933316,106,38
1762218933332,106,38
1762218933348,106,40
1762218933365,106,43
1762218933382,106,47
1762218933398,107,52
1762218933415,107,57
1762218933431,108,60
1762218933448,108,62
1762218933465,108,63
1762218933481,108,64
1762218933520,108,64
1762218933536,108,65
1762218933553,109,66
1762218933570,109,67
1762218933586,110,70
1762218933603,111,71
1762218933619,111,72
1762218933637,111,73
1762218933686,111,73
1762218933703,111,73
1762218933719,111,72
1762218933908,111,72
1762218933920,111,69
1762218933936,114,62
1762218933953,117,52
1762218933970,120,42
1762218933986,122,34
1762218934003,122,30
1762218934020,122,29
1762218934036,122,28
1762218934053,122,28
1762218934070,122,27
1762218934089,122,27
1762218934105,122,27
1762218934120,122,27
1762218934136,122,27
1762218934153,122,27
1762218934184,122,27
1762218934239,121,27
1762218934262,121,27
1762218934270,121,27
1762218934286,121,26
1762218934303,121,25
1762218934337,121,25
1762218934450,121,25
1762218934469,121,26
1762218934486,121,29
1762218934503,121,35
1762218934519,121,41
1762218934536,121,45
1762218934553,121,49
1762218934569,121,51
1762218934598,121,52
1762218934615,121,52
1762218934632,121,54
1762218934648,121,57
1762218934666,121,60
1762218934681,121,62
1762218934698,121,63
1762218934715,121,64
1762218934892,121,64
1762218934903,121,66
1762218934919,121,70
1762218934936,122,73
1762218934953,122,76
1762218934969,122,78
1762218934986,123,79
1762218935033,123,79
1762218935037,123,79
1762218935086,122,78
1762218935189,122,77
1762218935203,122,76
1762218935220,125,70
1762218935236,127,67
1762218935253,128,64
1762218935270,129,63
1762218935287,129,63
1762218935303,129,63
1762218935320,129,62
1762218935336,130,60
1762218935353,130,58
1762218935370,131,56
1762218935386,132,52
1762218935404,132,50
1762218935420,133,48
1762218935436,133,46
1762218935453,133,45
1762218935470,134,44
1762218935486,134,42
1762218935503,135,41
1762218935521,135,40
1762218935537,135,39
1762218935553,136,38
1762218935570,136,37
1762218935587,137,35
1762218935604,137,33
1762218935621,138,32
1762218935637,138,31
1762218935654,139,30
1762218935671,139,30
1762218935687,139,30
1762218935966,139,30
1762218935986,139,32
1762218936003,139,35
1762218936020,139,38
1762218936036,139,41
1762218936053,139,43
1762218936070,139,45
1762218936085,139,46
1762218936103,139,46
1762218936132,139,47
1762218936153,139,47
1762218936170,139,48
1762218936186,139,51
1762218936204,139,59
1762218936220,139,68
1762218936237,139,75
1762218936253,139,80
1762218936270,139,83
1762218936286,139,84
1762218936384,139,84
1762218936614,139,83
1762218936637,139,81
1762218936653,137,71
1762218936670,136,66
1762218936686,136,59
1762218936703,135,55
1762218936720,134,51
1762218936736,134,49
1762218936753,134,48
1762218936770,134,46
1762218936786,134,45
1762218936803,134,44
1762218936820,134,42
1762218936837,134,41
1762218936853,134,41
1762218936870,134,41
1762218936886,134,40
1762218936903,134,39
1762218936920,133,37
1762218936936,132,35
1762218936953,132,32
1762218936970,131,29
1762218936987,130,28
1762218937003,130,27
1762218937019,130,26
1762218937036,130,25
1762218937053,130,24
1762218937070,130,24
1762218937095,130,24
1762218937103,130,24
1762218937119,130,22
1762218937136,130,21
1762218937153,131,20
1762218937169,131,19
1762218937186,131,18
1762218937214,131,18
1762218937466,131,19
1762218937486,131,20
1762218937503,131,24
1762218937519,131,29
1762218937536,131,34
1762218937553,131,37
1762218937582,131,38
1762218937598,131,39
1762218937615,131,41
1762218937632,131,46
1762218937648,131,53
1762218937665,131,60
1762218937681,131,65
1762218937698,131,69
1762218937715,130,71
1762218937731,130,72
1762218937748,130,72
1762218937916,130,72
1762218937936,130,73
1762218937953,130,74
1762218937969,131,76
1762218937986,132,77
1762218938003,132,78
1762218938019,132,79
1762218938308,132,78
1762218938320,131,76
1762218938336,128,70
1762218938353,125,63
1762218938370,123,58
1762218938386,122,52
1762218938403,121,50
1762218938420,120,48
1762218938436,120,46
1762218938453,120,45
1762218938470,120,44
1762218938486,119,42
1762218938503,119,41
1762218938520,119,40
1762218938536,119,39
1762218938553,119,37
1762218938570,119,37
1762218938586,119,37
1762218938603,119,36
1762218938620,119,34
1762218938636,119,33
1762218938653,119,31
1762218938670,119,30
1762218938686,119,29
1762218938703,118,27
1762218938720,117,26
1762218938736,116,26
1762218938753,116,25
1762218938770,116,25
1762218938788,115,25
1762218938803,114,24
1762218938821,114,24
1762218938836,114,24
1762218938853,114,24
1762218938971,114,24
1762218938986,114,25
1762218939003,114,29
1762218939019,114,35
1762218939036,114,40
1762218939053,114,43
1762218939069,114,44
1762218939132,114,45
1762218939153,114,46
1762218939169,114,49
1762218939186,114,53
1762218939203,113,57
1762218939219,113,60
1762218939236,113,62
1762218939253,112,63
1762218939266,112,63
1762218939482,114,63
1762218939486,118,63
1762218939503,132,63
1762218939521,155,63
1762218939537,208,64
1762218939554,271,65
1762218939570,316,68
1762218939587,368,71
1762218939604,391,72
1762218939620,411,72
1762218939637,425,66
1762218940011,425,66
1762218940020,429,66
1762218940037,442,66
1762218940053,466,66
1762218940070,504,66
1762218940087,535,68
1762218940104,560,71
1762218940120,586,74
1762218940136,594,74
1762218940154,597,74
1762218940170,598,74
1762218940187,598,74
1762218940240,598,74
1762218940253,596,74
1762218940270,593,72
1762218940288,590,70
1762218940304,588,68
1762218940320,587,66
1762218940337,587,65
1762218940354,593,64
1762218940370,608,61
1762218940387,631,57
1762218940404,649,52
1762218940421,662,49
1762218940437,683,47
1762218940454,690,47
1762218940470,696,47
1762218940487,700,47
1762218940504,703,47
1762218940521,708,47
1762218940537,708,47
1762218940794,709,47
1762218940804,711,47
1762218940820,717,47
1762218940838,727,47
1762218940852,740,50
1762218940870,752,56
1762218940887,760,63
1762218940904,767,70
1762218940919,768,73
1762218940937,769,75
1762218940954,770,76
1762218940970,770,76
1762218941023,770,76
1762218943372,770,78
1762218943387,772,89
1762218943403,773,103
1762218943420,774,125
1762218943437,774,177
1762218943453,769,243
1762218943470,761,315
1762218943487,755,384
1762218943505,751,425
1762218943520,749,456
1762218943537,743,488
1762218943554,741,492
1762218943878,741,493
1762218943903,745,502
1762218943920,748,516
1762218943936,751,530
1762218943954,752,547
1762218943969,753,565
1762218943987,754,574
1762218944004,754,588
1762218944020,754,592
1762218944037,754,593
1762218944417,754,594
1762218944437,754,598
1762218944455,755,609
-1,-1,-1
1762218902921,55,259
1762218903032,55,259
1762218903048,55,260
1762218903065,55,263
1762218903082,55,265
1762218903098,55,268
1762218903115,55,270
1762218903132,55,274
1762218903148,55,278
1762218903165,55,281
1762218903182,55,285
1762218903198,55,289
1762218903215,55,293
1762218903232,55,296
1762218903248,55,299
1762218903265,55,302
1762218903282,55,305
1762218903299,55,307
1762218903315,55,309
1762218903332,55,310
1762218903348,55,310
1762218903432,55,311
1762218903483,54,311
1762218903533,54,310
1762218903550,54,309
1762218904084,49,255
1762218904166,49,255
1762218904183,49,256
1762218904199,49,258
1762218904216,49,261
1762218904232,49,264
1762218904249,49,267
1762218904265,49,271
1762218904282,49,274
1762218904298,49,277
1762218904315,49,279
1762218904332,49,280
1762218904348,49,283
1762218904365,49,286
1762218904382,49,291
1762218904399,48,295
1762218904416,48,297
1762218904433,48,299
1762218904449,48,300
1762218904567,48,300
1762218904587,48,301
1762218904603,48,303
1762218904619,48,307
1762218904636,48,311
1762218904652,48,314
1762218904670,48,316
1762218904686,48,316
1762218904749,48,317
1762218904766,48,316
1762218904783,48,315
1762218905317,49,246
1762218905416,49,247
1762218905433,49,248
1762218905449,49,249
1762218905465,49,250
1762218905482,49,251
1762218905499,49,253
1762218905515,49,256
1762218905532,49,260
1762218905549,49,263
1762218905565,49,266
1762218905582,49,269
1762218905598,49,272
1762218905615,49,275
1762218905632,49,279
1762218905649,49,283
1762218905666,49,285
1762218905682,49,287
1762218905699,48,287
1762218905716,48,289
1762218905732,48,291
1762218905749,48,294
1762218905766,47,298
1762218905782,47,300
1762218905799,46,301
1762218905815,46,302
1762218905833,46,302
1762218905849,46,303
1762218905886,44,308
1762218905902,43,309
1762218905919,43,310
1762218905983,43,310
1762218906000,43,308
1762218906501,39,257
1762218906502,39,257
1762218906583,39,257
1762218906602,39,259
1762218906619,39,261
1762218906636,39,262
1762218906652,39,264
1762218906669,39,266
1762218906686,39,269
1762218906703,39,273
1762218906720,39,277
1762218906736,39,281
1762218906753,39,284
1762218906769,39,286
1762218906787,39,286
1762218906803,39,287
1762218906820,39,287
1762218906836,39,288
1762218906853,39,290
1762218906870,39,292
1762218906886,39,294
1762218906903,39,295
1762218906920,39,296
1762218906970,39,296
1762218907166,39,296
1762218907186,39,297
1762218907203,39,299
1762218907220,39,301
1762218907236,39,303
1762218907253,39,304
1762218907270,39,305
1762218908465,188,259
1762218908484,188,259
1762218908565,188,259
1762218908581,188,260
1762218908598,188,262
1762218908615,188,265
1762218908632,188,268
1762218908648,188,271
1762218908665,188,274
1762218908682,188,278
1762218908698,188,282
1762218908715,188,285
1762218908731,188,287
1762218908748,188,290
1762218908765,188,292
1762218908782,188,294
1762218908798,188,296
1762218908815,187,299
1762218908832,187,301
1762218908849,186,303
1762218908865,186,305
1762218908882,185,307
1762218908901,185,309
1762218908915,185,309
1762218908932,184,310
1762218908948,184,310
1762218909549,190,261
1762218909570,190,261
1762218909648,190,262
1762218909665,190,262
1762218909682,190,263
1762218909698,190,264
1762218909715,190,267
1762218909732,190,268
1762218909749,190,270
1762218909765,190,272
1762218909782,190,274
1762218909798,190,274
1762218909815,190,276
1762218909832,190,278
1762218909849,190,280
1762218909865,190,283
1762218909882,190,285
1762218909898,190,286
1762218909915,190,287
1762218909953,190,287
1762218910003,189,287
1762218910020,189,289
1762218910035,187,292
1762218910053,185,296
1762218910070,183,299
1762218910086,182,302
1762218910103,181,304
1762218910120,181,305
1762218910136,181,305
1762218910215,180,305
1762218910299,180,305
1762218910315,180,305
1762218910765,185,272
1762218910882,185,273
1762218910898,185,273
1762218910916,185,274
1762218910932,185,275
1762218910948,185,276
1762218910965,185,277
1762218910982,185,278
1762218910998,185,280
1762218911015,185,281
1762218911032,185,283
1762218911049,185,284
1762218911065,185,286
1762218911082,185,287
1762218911098,185,289
1762218911115,185,291
1762218911132,185,292
1762218911148,185,292
1762218911232,184,293
1762218911248,184,295
1762218911265,183,298
1762218911282,182,302
1762218911298,182,305
1762218911315,182,306
1762218911332,181,307
1762218911382,181,307
1762218911420,181,307
1762218912416,192,294
1762218912419,193,294
1762218912549,193,294
1762218912570,193,294
1762218919567,116,139
1762218919586,116,139
1762218919732,116,139
1762218919750,116,140
1762218919765,116,141
1762218919782,116,142
1762218919799,116,144
1762218919815,116,146
1762218919832,116,149
1762218919849,116,151
1762218919866,116,153
1762218919882,116,154
1762218919899,116,154
1762218919936,116,155
1762218919953,116,156
1762218919970,117,159
1762218919986,117,161
1762218920003,117,164
1762218920020,118,165
1762218920036,118,166
1762218920053,118,167
1762218920116,118,167
1762218920170,118,167
1762218920219,118,167
1762218920249,118,168
1762218920383,118,168
1762218920400,118,167
1762218925384,98,27
1762218925387,98,27
1762218925436,98,28
1762218925453,98,29
1762218925469,98,30
1762218925486,98,33
1762218925503,98,37
1762218925519,98,41
1762218925536,98,44
1762218925553,98,47
1762218925569,98,48
1762218925586,98,48
1762218925603,98,49
1762218925619,98,52
1762218925636,98,55
1762218925653,98,58
1762218925669,98,61
1762218925687,98,63
1762218925703,98,64
1762218925719,98,65
1762218925850,98,65
1762218925870,98,66
1762218925886,98,69
1762218925903,98,76
1762218925920,98,83
1762218925936,97,90
1762218925953,97,94
1762218925969,97,97
1762218925987,97,98
1762218926036,97,98
1762218926050,97,98
1762218927035,110,24
1762218927053,110,24
1762218927283,110,23
1762218927303,110,24
1762218927320,110,25
1762218927336,110,29
1762218927353,111,38
1762218927370,112,53
1762218927387,114,69
1762218927403,114,86
1762218927420,114,100
1762218927437,114,109
1762218927453,114,114
1762218927470,114,117
1762218927486,114,118
1762218927503,114,118
1762218927532,114,118
1762218927683,114,118
1762218927700,114,118
1762218928317,127,9
1762218928466,127,11
1762218928486,127,14
1762218928503,127,20
1762218928520,127,28
1762218928536,127,34
1762218928553,127,37
1762218928570,127,39
1762218928586,127,40
1762218928603,127,40
1762218928619,127,41
1762218928636,127,44
1762218928653,127,48
1762218928670,127,55
1762218928687,126,62
1762218928703,125,67
1762218928720,124,72
1762218928736,124,74
1762218928753,124,75
1762218928769,124,76
1762218928950,124,76
1762218928969,124,79
1762218928987,124,84
1762218929003,124,90
1762218929020,125,94
1762218929036,125,98
1762218929053,125,100
1762218929069,126,101
1762218929149,126,101
1762218929166,126,100
1762218929834,105,29
1762218929950,105,30
1762218929970,105,31
1762218929986,105,34
1762218930003,105,36
1762218930019,105,39
1762218930036,105,42
1762218930053,105,45
1762218930069,105,48
1762218930086,105,51
1762218930103,105,54
1762218930119,105,56
1762218930137,105,57
1762218930166,105,58
1762218930333,105,59
1762218930353,105,61
1762218930370,105,67
1762218930387,105,75
1762218930403,105,82
1762218930419,105,86
1762218930436,105,89
1762218930453,105,90
1762218930517,105,90
1762218931284,124,11
1762218931450,124,12
1762218931469,124,13
1762218931486,124,17
1762218931503,124,23
1762218931519,124,27
1762218931536,124,31
1762218931553,124,34
1762218931570,124,37
1762218931586,124,42
1762218931603,124,48
1762218931619,124,58
1762218931637,124,67
1762218931653,124,73
1762218931670,124,78
1762218931686,124,80
1762218931703,124,81
1762218931753,124,81
1762218931916,124,81
1762218931933,124,80
1762218933001,106,12
1762218933133,106,12
1762218933153,106,15
1762218933169,106,20
1762218933186,106,27
1762218933203,106,32
1762218933219,106,35
1762218933236,106,37
1762218933298,106,37
1762218933316,106,38
1762218933332,106,38
1762218933348,106,40
1762218933365,106,43
1762218933382,106,47
1762218933398,107,52
1762218933415,107,57
1762218933431,108,60
1762218933448,108,62
1762218933465,108,63
1762218933481,108,64
1762218933520,108,64
1762218933536,108,65
1762218933553,109,66
1762218933570,109,67
1762218933586,110,70
1762218933603,111,71
1762218933619,111,72
1762218933637,111,73
1762218933686,111,73
1762218933703,111,73
1762218934333,121,25
1762218934337,121,25
1762218934450,121,25
1762218934469,121,26
1762218934486,121,29
1762218934503,121,35
1762218934519,121,41
1762218934536,121,45
1762218934553,121,49
1762218934569,121,51
1762218934598,121,52
1762218934615,121,52
1762218934632,121,54
1762218934648,121,57
1762218934666,121,60
1762218934681,121,62
1762218934698,121,63
1762218934715,121,64
1762218934892,121,64
1762218934903,121,66
1762218934919,121,70
1762218934936,122,73
1762218934953,122,76
1762218934969,122,78
1762218934986,123,79
1762218935033,123,79
1762218935784,139,30
1762218935966,139,30
1762218935986,139,32
1762218936003,139,35
1762218936020,139,38
1762218936036,139,41
1762218936053,139,43
1762218936070,139,45
1762218936085,139,46
1762218936103,139,46
1762218936132,139,47
1762218936153,139,47
1762218936170,139,48
1762218936186,139,51
1762218936204,139,59
1762218936220,139,68
1762218936237,139,75
1762218936253,139,80
1762218936270,139,83
1762218936286,139,84
1762218937318,131,18
1762218937466,131,19
1762218937486,131,20
1762218937503,131,24
1762218937519,131,29
1762218937536,131,34
1762218937553,131,37
1762218937582,131,38
1762218937598,131,39
1762218937615,131,41
1762218937632,131,46
1762218937648,131,53
1762218937665,131,60
1762218937681,131,65
1762218937698,131,69
1762218937715,130,71
1762218937731,130,72
1762218937748,130,72
1762218937916,130,72
1762218937936,130,73
1762218937953,130,74
1762218937969,131,76
1762218937986,132,77
1762218938003,132,78
1762218938019,132,79
1762218938900,114,24
1762218938971,114,24
1762218938986,114,25
1762218939003,114,29
1762218939019,114,35
1762218939036,114,40
1762218939053,114,43
1762218939069,114,44
1762218939132,114,45
1762218939153,114,46
1762218939169,114,49
1762218939186,114,53
1762218939203,113,57
1762218939219,113,60
1762218939236,113,62
1762218939253,112,63
1762218939266,112,63
-1,-1,-1
1762218902921,,
1762218904084,,
1762218905317,,
1762218906501,,
1762218908465,,
1762218909549,,
1762218910765,,
1762218912416,,
1762218919567,,
1762218925384,,
1762218927035,,
1762218928317,,
1762218929834,,
1762218931284,,
1762218933001,,
1762218934333,,
1762218935784,,
1762218937318,,
1762218938900,,
-1,-1,-1
1762218903552,,
1762218904785,,
1762218906003,,
1762218907282,,
1762218909048,,
1762218910317,,
1762218911432,,
1762218912716,,
1762218920403,,
1762218926052,,
1762218927703,,
1762218929170,,
1762218930522,,
1762218931936,,
1762218933715,,
1762218935036,,
1762218936383,,
1762218938100,,
1762218939266,,
