1762233656024,697,581.9333305358887
1762233656040,661,554.9333305358887
1762233656056,639,536.9333305358887
1762233656073,614,516.9333305358887
1762233656090,595,499.9333305358887
1762233656106,569,481.9333305358887
1762233656123,560,472.9333305358887
1762233656140,552,468.9333305358887
1762233656156,547,462.9333305358887
1762233656173,544,460.9333305358887
1762233656190,543,459.9333305358887
1762233656206,543,456.9333305358887
1762233656223,543,455.9333305358887
1762233656493,535,455.9333305358887
1762233656507,502,452.9333305358887
1762233656523,461,440.9333305358887
1762233656540,406,414.9333305358887
1762233656556,335,379.9333305358887
1762233656573,310,363.9333305358887
1762233656590,292,350.9333305358887
1762233656606,285,346.9333305358887
1762233656623,282,343.9333305358887
1762233656640,279,338.9333305358887
1762233656656,279,333.9333305358887
1762233656673,281,326.9333305358887
1762233656690,281,323.9333305358887
1762233656947,280,323.9333305358887
1762233656957,276,323.9333305358887
1762233656973,264,315.9333305358887
1762233656990,254,307.9333305358887
1762233657006,248,298.9333305358887
1762233657023,242,290.9333305358887
1762233657040,238,285.9333305358887
1762233657056,237,283.9333305358887
1762233657073,235,281.9333305358887
1762233657090,234,280.9333305358887
1762233657106,233,279.9333305358887
1762233657123,233,278.9333305358887
1762233657225,232,278.9333305358887
1762233657253,230,276.9333305358887
1762233657259,229,275.9333305358887
1762233657273,226,273.9333305358887
1762233657290,222,268.9333305358887
1762233657307,219,265.9333305358887
1762233657323,215,260.9333305358887
1762233657340,213,257.9333305358887
1762233657356,211,253.93333053588867
1762233657373,208,250.93333053588867
1762233657390,207,247.93333053588867
1762233657406,206,242.93333053588867
1762233657423,205,238.93333053588867
1762233657441,205,236.93333053588867
1762233657456,205,231.93333053588867
1762233657473,205,230.93333053588867
1762233657490,205,227.93333053588867
1762233657839,202,221.93333053588867
1762233657857,189,200.93333053588867
1762233657874,167,153.93333053588867
1762233657890,155,131.93333053588867
1762233657906,150,116.93333053588867
1762233657923,144,108.93333053588867
1762233657940,143,105.93333053588867
1762233657956,142,103.93333053588867
1762233657973,141,101.93333053588867
1762233657990,141,100.93333053588867
1762233658007,140,99.93333053588867
1762233658070,140,98.93333053588867
1762233658364,139,96.93333053588867
1762233658373,137,90.93333053588867
1762233658390,132,80.93333053588867
1762233658406,122,65.93333053588867
1762233658423,119,56.93333053588867
1762233658440,112,43.93333053588867
1762233658456,108,36.93333053588867
1762233658473,105,28.933330535888672
1762233658491,101,22.933330535888672
1762233658507,100,19.933330535888672
1762233658523,99,18.933330535888672
1762233658541,99,17.933330535888672
1762233658557,99,14.933330535888672
1762233658573,99,13.933330535888672
1762233658658,98,14.933330535888672
1762233658674,98,16.933330535888672
1762233658705,98,18.933330535888672
1762233658768,96,18.933330535888672
1762233658775,96,19.933330535888672
1762233658796,96,20.933330535888672
1762233658807,95,21.933330535888672
1762233658825,95,23.933330535888672
1762233658840,95,24.933330535888672
1762233658857,95,25.933330535888672
1762233658873,95,26.933330535888672
1762233658894,95,28.933330535888672
1762233658908,95,29.933330535888672
1762233658928,95,30.933330535888672
1762233658973,95,32.93333053588867
1762233658992,95,34.93333053588867
1762233659006,95,35.93333053588867
1762233660130,94,36.93333053588867
1762233660144,93,36.93333053588867
1762233660156,93,37.93333053588867
1762233660186,93,39.93333053588867
1762233660570,93,38.93333053588867
1762233660619,93,36.93333053588867
1762233660657,93,35.93333053588867
1762233661024,94,35.93333053588867
1762233661249,94,36.93333053588867
1762233662400,94,35.93333053588867
1762233662428,95,35.93333053588867
1762233662441,95,34.93333053588867
1762233662456,96,34.93333053588867
1762233662473,98,33.93333053588867
1762233662490,98,32.93333053588867
1762233662623,98,30.933330535888672
1762233662693,98,29.933330535888672
1762233662706,99,29.933330535888672
1762233662757,100,29.933330535888672
1762233662773,100,28.933330535888672
1762233662789,101,26.933330535888672
1762233662806,102,25.933330535888672
1762233662823,103,25.933330535888672
1762233662840,103,24.933330535888672
1762233662856,103,23.933330535888672
1762233663063,103,24.933330535888672
1762233663123,104,24.933330535888672
1762233663140,104,25.933330535888672
1762233663156,104,26.933330535888672
1762233663173,105,27.933330535888672
1762233663190,107,28.933330535888672
1762233663209,108,28.933330535888672
1762233663223,108,29.933330535888672
1762233663308,108,30.933330535888672
1762233663335,109,30.933330535888672
1762233663457,109,32.93333053588867
1762233663473,110,33.93333053588867
1762233663503,110,34.93333053588867
1762233663509,111,34.93333053588867
1762233663524,112,34.93333053588867
1762233663540,112,35.93333053588867
1762233663556,114,35.93333053588867
1762233663756,115,34.93333053588867
1762233663773,115,33.93333053588867
1762233663790,116,32.93333053588867
1762233663817,116,30.933330535888672
1762233663901,116,29.933330535888672
1762233663921,117,28.933330535888672
1762233663940,118,27.933330535888672
1762233663956,118,26.933330535888672
1762233663973,120,25.933330535888672
1762233663989,120,24.933330535888672
1762233664006,121,23.933330535888672
1762233664034,121,22.933330535888672
1762233664411,122,22.933330535888672
1762233664440,123,23.933330535888672
1762233664456,125,24.933330535888672
1762233664473,126,24.933330535888672
1762233664490,130,26.933330535888672
1762233664506,131,27.933330535888672
1762233664523,133,28.933330535888672
1762233664539,134,29.933330535888672
1762233664556,135,30.933330535888672
1762233664845,135,32.93333053588867
1762233664928,136,32.93333053588867
1762233664990,136,32.93333053588867
1762233665312,143,32.93333053588867
1762233665324,156,30.933330535888672
1762233665339,181,23.933330535888672
1762233665356,212,19.933330535888672
1762233665373,226,16.933330535888672
1762233665389,245,12.933330535888672
1762233665406,254,12.933330535888672
1762233665423,263,12.933330535888672
1762233665440,270,12.933330535888672
1762233665456,275,12.933330535888672
1762233665473,281,12.933330535888672
1762233665490,285,12.933330535888672
1762233665506,287,12.933330535888672
1762233665523,292,13.933330535888672
1762233665540,294,13.933330535888672
1762233665556,295,13.933330535888672
1762233665573,298,13.933330535888672
1762233670172,299,13.933330535888672
1762233670191,303,14.933330535888672
1762233670208,308,16.933330535888672
1762233670223,314,17.933330535888672
1762233670239,318,18.933330535888672
1762233670256,325,21.933330535888672
1762233670273,329,22.933330535888672
1762233670289,334,25.933330535888672
1762233670306,349,29.933330535888672
1762233670323,363,33.93333053588867
1762233670339,376,37.93333053588867
1762233670356,393,41.93333053588867
1762233670373,399,43.93333053588867
1762233670389,406,45.93333053588867
1762233670406,410,46.93333053588867
1762233670423,414,49.93333053588867
1762233670439,424,54.93333053588867
1762233670456,436,66.93333053588867
1762233670473,451,83.93333053588867
1762233670489,466,107.93333053588867
1762233670506,471,120.93333053588867
1762233670523,474,130.93333053588867
1762233670539,474,134.93333053588867
1762233670556,475,135.93333053588867
1762233670573,475,139.93333053588867
1762233670589,475,141.93333053588867
1762233670606,474,147.93333053588867
1762233670623,472,154.93333053588867
1762233670639,468,163.93333053588867
1762233670656,462,180.93333053588867
1762233670673,460,194.93333053588867
1762233670690,464,222.93333053588867
1762233670706,472,241.93333053588867
1762233670723,482,260.9333305358887
1762233670739,494,279.9333305358887
1762233670756,500,284.9333305358887
1762233670773,505,289.9333305358887
1762233670790,507,292.9333305358887
1762233670806,508,293.9333305358887
1762233670823,514,296.9333305358887
1762233670839,518,298.9333305358887
1762233670856,523,302.9333305358887
1762233670873,538,306.9333305358887
1762233670889,554,309.9333305358887
1762233670906,574,306.9333305358887
1762233670923,592,299.9333305358887
1762233670940,605,292.9333305358887
1762233670957,617,283.9333305358887
1762233670973,622,278.9333305358887
1762233670989,628,272.9333305358887
1762233671006,632,262.9333305358887
1762233671023,634,257.9333305358887
1762233671039,639,246.93333053588867
1762233671056,643,240.93333053588867
1762233671073,646,232.93333053588867
1762233671089,652,224.93333053588867
1762233671106,653,221.93333053588867
1762233671123,661,214.93333053588867
1762233671139,665,209.93333053588867
1762233671612,666,208.93333053588867
1762233671623,667,206.93333053588867
1762233671639,669,203.93333053588867
1762233671656,670,203.93333053588867
1762233671673,674,202.93333053588867
1762233671689,678,201.93333053588867
1762233671706,679,200.93333053588867
1762233671723,682,198.93333053588867
1762233671739,686,196.93333053588867
1762233671756,691,193.93333053588867
1762233671773,697,188.93333053588867
1762233671789,701,186.93333053588867
1762233671806,707,183.93333053588867
1762233671823,715,177.93333053588867
1762233671839,719,173.93333053588867
1762233671856,726,170.93333053588867
1762233671873,729,168.93333053588867
1762233671889,732,166.93333053588867
1762233671906,734,166.93333053588867
1762233671923,735,165.93333053588867
1762233671939,736,164.93333053588867
1762233671956,738,164.93333053588867
1762233672006,738,163.93333053588867
1762233672101,739,162.93333053588867
1762233672142,740,162.93333053588867
1762233672156,740,161.93333053588867
1762233672206,741,161.93333053588867
1762233672269,741,158.93333053588867
1762233674036,741,164.93333053588867
1762233674042,741,176.93333053588867
1762233674056,741,201.93333053588867
1762233674072,742,225.93333053588867
1762233674089,742,244.93333053588867
1762233674106,745,261.9333305358887
1762233674123,745,270.9333305358887
1762233674139,747,283.9333305358887
1762233674156,750,304.9333305358887
1762233674173,756,340.9333305358887
1762233674189,778,422.9333305358887
1762233674206,791,462.9333305358887
1762233674223,799,487.9333305358887
1762233674239,806,510.9333305358887
1762233674256,809,522.9333305358887
1762233674273,813,536.9333305358887
1762233674289,814,542.9333305358887
1762233674306,815,548.9333305358887
1762233674323,815,555.9333305358887
1762233674339,815,560.9333305358887
1762233674356,814,565.9333305358887
1762233674373,814,568.9333305358887
1762233674389,813,570.9333305358887
1762233674407,811,577.9333305358887
1762233674423,810,580.9333305358887
1762233674439,808,584.9333305358887
1762233674456,803,589.9333305358887
1762233674472,797,594.9333305358887
-1,-1,-1
1762233661689,94,36.93333053588867
1762233662400,94,35.93333053588867
1762233662428,95,35.93333053588867
1762233662441,95,34.93333053588867
1762233662456,96,34.93333053588867
1762233662473,98,33.93333053588867
1762233662490,98,32.93333053588867
1762233662623,98,30.933330535888672
1762233662693,98,29.933330535888672
1762233662706,99,29.933330535888672
1762233662757,100,29.933330535888672
1762233662773,100,28.933330535888672
1762233662789,101,26.933330535888672
1762233662806,102,25.933330535888672
1762233662823,103,25.933330535888672
1762233662840,103,24.933330535888672
1762233662856,103,23.933330535888672
1762233663063,103,24.933330535888672
1762233663123,104,24.933330535888672
1762233663140,104,25.933330535888672
1762233663156,104,26.933330535888672
1762233663173,105,27.933330535888672
1762233663190,107,28.933330535888672
1762233663209,108,28.933330535888672
1762233663223,108,29.933330535888672
1762233663308,108,30.933330535888672
1762233663335,109,30.933330535888672
1762233663457,109,32.93333053588867
1762233663473,110,33.93333053588867
1762233663503,110,34.93333053588867
1762233663509,111,34.93333053588867
1762233663524,112,34.93333053588867
1762233663540,112,35.93333053588867
1762233663556,114,35.93333053588867
1762233663756,115,34.93333053588867
1762233663773,115,33.93333053588867
1762233663790,116,32.93333053588867
1762233663817,116,30.933330535888672
1762233663901,116,29.933330535888672
1762233663921,117,28.933330535888672
1762233663940,118,27.933330535888672
1762233663956,118,26.933330535888672
1762233663973,120,25.933330535888672
1762233663989,120,24.933330535888672
1762233664006,121,23.933330535888672
1762233664034,121,22.933330535888672
1762233664411,122,22.933330535888672
1762233664440,123,23.933330535888672
1762233664456,125,24.933330535888672
1762233664473,126,24.933330535888672
1762233664490,130,26.933330535888672
1762233664506,131,27.933330535888672
1762233664523,133,28.933330535888672
1762233664539,134,29.933330535888672
1762233664556,135,30.933330535888672
1762233664845,135,32.93333053588867
1762233664928,136,32.93333053588867
-1,-1,-1
1762233661689,,
-1,-1,-1
1762233664957,,
