subject,country
13xt95Ep90kGwkY,BR
16BHIblXPySgHx7,BR
16w1KBaYeWoq8XT,BR
17y8ZT3kkxHIXsX,BR
1EfQaoNQBrKyb39,BR
1INbsf7sCzx5cCB,BR
1Lhd2311lMs4JC4,BR
1Oj4g3Y7nqWyZeG,BR
1PXhLO5SlgOw251,BR
1azVhuyssAlvfVA,BR
1b3kNsYYr7co2zs,BR
1lEFTZrnswnQYq5,BR
1ndu3Pbj4y1rUuU,BR
1qVe0Rz5jqvrl61,BR
1rA6HZGmQFpCvYx,BR
1ybkjA7dqXrPF97,BR
33vGgMQ7zouHoAl,BR
3402ywYEYEYoBNs,BR
34dC6FanGFZBgsf,BR
3I6luk6t2bm1SNH,BR
3M0wbKJm40OY8YX,BR
3SHFepISJjpnOFz,BR
3fvso87IdIzVSju,BR
3pKy9bwZmEGrrHy,BR
3qqqEGw528KYmjw,BR
3yNGoVWcIo79Xz3,BR
5AnaMSV5wP79bFL,BR
5CJu9w0rXoEJlNK,BR
5FIMAxpbUcoVvmz,BR
5GBykQnFDFVmVL2,BR
5LBsEIWAwJ9L7uK,BR
5MAeZMSGYYOdOmZ,BR
5MsY0e3FiljL6B5,BR
5QKEe2p6Rvc82iW,BR
5RPoGYeKWAyzaye,BR
5RZWt7Xkeg6tNV8,BR
5Ww0bgyDx9QKNCF,BR
5YS6pZ8bZ2intWF,BR
5asJ7VznIte5I5j,BR
5dSEva9K8t098E9,BR
5dtLQp1PoYiOV2a,BR
5elCSrsPLAcpbso,BR
5gGwYQiLVKzK7Ml,BR
5hzSoXxtIFqmsr2,BR
5n50kucDQXYa63L,BR
5nPXrnWxwmPvQEp,BR
5oFwJlZDxDoDHsU,BR
5oGDwItULCS8UbT,BR
5pW0jaDzUcXeO8P,BR
5sfW75hN8rdbTcR,BR
5ta6uXWKYmvEQ6V,BR
5xApfphIow91uY9,BR
6164p4UN3nn2jfL,BR
6ClZyKEzENYBPEi,BR
6DmfANHBI4oTsyt,BR
6H2GUwIneaR4ePJ,BR
6IqWFc7iiN8VzsB,BR
6JQ2t2RKL8lM7WR,BR
6UYDPrmbfrjqp5A,BR
6V3kRwvQtHCksiL,BR
6Wjbud0mQtiPdqF,BR
6XTkW7ergKTbmi5,BR
6byu4HdrG2ZVXk5,BR
6jcs4HTrMkNDSg1,BR
6x1fFiYg7HgXlMl,BR
70TmMdqRWwNcWx0,BR
71Fxq1kpt4IBX4c,BR
71Z5o6bvLA6lMzL,BR
71zLAtEzKeEiySK,BR
72Kev18VrilhCdb,BR
72rjgieKsCk6nyi,BR
7IyJxMpilfoAz08,BR
7JIMClrc7dH2XVn,BR
7RjFKJ8dW0GpFcO,BR
7Y65D2JTRn1QHS2,BR
7hlukz1sCm4t10n,BR
7isPWVEjFkYByxM,BR
7jfDuuW1Xi3u3mV,BR
7mOuwqMtJZR6LoK,BR
7pWZpC1Oijxtu7v,BR
7s1anfVBGGuMKlc,BR
7zhHPvdle9t6vrW,BR
40iYpeEuhsC4xU2,IN
41bVQ8mMHM22UM4,IN
41yP2kAB9xAZSoE,IN
42DerT5ueDhAwuZ,IN
42JESroRquircC5,IN
42JfCcds7VOwgT2,IN
42RDmkXBdYmm2s8,IN
4CUXcWWYu7wjuHg,IN
4CmvrIUdTqg1JWB,IN
4DHKyBts3k5bdh7,IN
4DI5ur5ZQghUYiQ,IN
4DuN2P2KQ5zszpj,IN
4EHgra9XODy0Jww,IN
4EdgNuAGzi1N1GR,IN
4ErLTqHwnQC9UvL,IN
4EsqRh9xyfJmX6f,IN
4EzcYKlbRo9S8kM,IN
4FfPmmWTKlTWBwZ,IN
4Gxg18vS7CxvF7w,IN
4H0PgKOpDGxFr53,IN
4HdmPmBudoiwBDH,IN
4LqXGTmZVgDvnoJ,IN
4M9Hku3BfT15tn6,IN
4NttRyzD0U1HqKW,IN
4OHasJCxi1QOc64,IN
4PjbrVAOwPxvtYg,IN
4QoKolQiUutOI2R,IN
4SDHLMFe6QZAV2v,IN
4TmEshQjKpZ5vDr,IN
4UskplztcTdBXyx,IN
4WIOrYtg7W3VaFk,IN
4YKvqzP4c53DrgZ,IN
4dtuuFmH8zinFiQ,IN
4fjUWFhSXeHNGZG,IN
4hALOPPmRi6seBq,IN
4m8iGtlvAGOLFOg,IN
4qUf6ZajQEPim4x,IN
4ysCrZOZjBik6Gq,IN
90dzVZchg1KGz0l,IN
939mKwC0J6budad,IN
94FTbXUydG1RsnD,IN
94Xo7d3GbDF3Wud,IN
999mBjs3Sf3VJm1,IN
9CV4JHG71JuHH0Z,IN
9CdTNZDCv6WHGbu,IN
9D8ulbh3ZZHcomR,IN
9DiNKZCG9Fe9cAf,IN
9EaFp2979Pt7AFr,IN
9FYr6HPeLnd5F1D,IN
9Hm8rFR55fpMm1b,IN
9HzaeyfkxbGMLOG,IN
9J4umtq5lOset5o,IN
9JLbu8Vlgf3M94u,IN
9LCis7SGtzsfHXK,IN
9TuyJ4dPKD6tbQR,IN
9TywoqAya7YsPCh,IN
9UNS4PALeIa0nS1,IN
9WDzA3EJfrAdXh2,IN
9XnEwF7YhKNFTGd,IN
9ZEzBtfm1nUbzwt,IN
9ZP5hQVtvLgf4mW,IN
9bIWl1GiX69cnCF,IN
9dKX3BFkyA0SHYQ,IN
9dtrDtXT24uvAMf,IN
9ellXB8H4w14cAV,IN
9f6XguhUHN68nvy,IN
9fCPTMtRH3gFJhZ,IN
9iJ3pVO31Pon30g,IN
9iy500aJbFyGaD7,IN
9k1sJCnHo6RQfRf,IN
9kLFeKJQSkxOOQG,IN
9nZ9c2gVhscMrYi,IN
9nxuuq6bNNYm9ob,IN
9ovQFdQ2KxtmSzf,IN
9pv9wYhu7R3xrEJ,IN
9r8OF6E2zsM1AlI,IN
9rkYApJxIhzMU6J,IN
9sZN9rrfRNAGEG5,IN
9ttHRTaBaaM6xWo,IN
9uuofU57OoNMBXz,IN
9vmOMZQRkmOntoB,IN
9wnK4ijoMT1sOPv,IN
9y6ZrTrFnlPGtdy,IN
9yflSxOmCKJBGyB,IN
11mqXN2aCy7o7Tw,US
14HnHc3UHGYROBv,US
1FQb6PSo35pS4aT,US
1JRzkBK2xtWpQeg,US
1M0Bre2Z9xaf7ah,US
1Ph9mSGpQy2pVtf,US
1QlSS2aS6DxjFF1,US
1TWvt1S6NRgf7SV,US
1cUhFsQAZzFdsxr,US
1e58HKtn0pfjY1f,US
1ePQoX9sOP7Dqz6,US
1nd4ZIEzSwSazQN,US
1pkYUQoJv5nV65G,US
1qKcdlPxbjemmC3,US
1qVyfMNaFS4o6wW,US
1qWWeb6VRNOZva4,US
30BnHG9mqnIE97R,US
30GkNbUWd9oqKyJ,US
31yNsFvzMTDkWmR,US
33T2NCT9fJlggk9,US
38Vrey1Hv4arXl7,US
38lvvBTiSprw0Lv,US
3BeTuREEzPLM3uZ,US
3CHOcyDJKHY1twD,US
3En1HlJYOsBFjXu,US
3FJy5adPUt59Bqp,US
3OY0BAIeL92j8KB,US
3aIG7LuKjQo5szJ,US
3fSERpsJCCsRX5n,US
3iqUE1l5oPxhhMY,US
3jHEqmJIVhDapPB,US
3rXl79Wp7513pU5,US
3v654YWoIo1VyNa,US
50A3aAcXhtLyh5n,US
514xyKgNTCoNz0i,US
53yMGIRPWQCMxvH,US
55EZTrfNoSgOhz7,US
57lOMY8xh3IYKvB,US
59795nmpkL2NzAl,US
5CQrAV23rhIz4Rm,US
5CjDiWlKCQSZFRc,US
5ELrePsQ21tUrpA,US
5HIkmBDRFkoyJoc,US
5It7rHftFcRF0oA,US
5Lbv7bbQrPMTMI6,US
5Ny1nLQgEa32NJ7,US
5PHm84o2DM6TqM1,US
5PRVqYTcUJy8Wml,US
5Q3piBVj0iqlJYy,US
5QSfXZDbt3j9gHw,US
5QXwcr3GFF5bWUj,US
5QhJ7ihwCJ7mH6W,US
5Rey6KsbW1yU2qA,US
5UZpMlVLVNvrDOx,US
5WMxgNla1rLThwQ,US
5XafotKKaKUvm77,US
5XeBayYN5Ll1hBL,US
5dFE7M3oUMZ2tpv,US
5dSV830qYdIm6UE,US
5fiJgHFCU8N9bHP,US
5gILKYjpGEtZQIy,US
5la6WTJt5sAt7uL,US
5meiprICgkSzrsP,US
5plgmqEVemzN8yc,US
5qBUwMPneOxaUHv,US
61i2tmHbUqbad70,US
64vlAC3Yb2tlNxw,US
66f9eCYijaxjMk1,US
6J9sisP8TVRQ5s7,US
6Q3XRzduNKlZ371,US
6bdVIlDkQ3hkCwF,US
6pBT7ZTUgyyEyqt,US
6xVxhLKv7NvpV9T,US
7Hbk4EAHSdBWNJt,US
7Hte3bDDrITF0i8,US
7I7PJNr1JiEzLAR,US
7M6aY5VzDymfJKF,US
7UBlYP5uvGmwa6l,US
7WWT7kdM5aVytUd,US
7YWjiGley3nSKGc,US
7bdulq7eWD6vhCh,US
7dWPFqrwnaWNTO1,US
7gSLcem3k3gziW5,US
7gm6Mx5Dm18bEwF,US
7iRyh2zIHBBqQb1,US
7ktce6kX7OLCSVo,US
7l279i21j8WF3c5,US
7njG5lxUGM9n8Xv,US
7qkNmzFr8mLeWdU,US
7t8Ve1gfiaegsqS,US
7ttJp3YzeDIycQM,US
7xQXRsEvQentefO,US
1anSjU4g8ZbpK1e,SP
20k02qftg4ZY8zl,SP
216sX1uJmAaWBQH,SP
21jHvJP7uoVOoZP,SP
22hZJoIHvWUcSeh,SP
22yFMfVfFlHByjU,SP
24vlibQqv3UWv6z,SP
29R4NJc2OaUmgSJ,SP
2BtoEnYTwfGJTfX,SP
2CBLI5QyADjut3p,SP
2CNZs7sdOWeOLsI,SP
2CQAmWvA2ZMbW29,SP
2F3WTb87W9rS5KQ,SP
2F5v4XDBpZL5bVV,SP
2H079eUSSdF1o24,SP
2LZ876CRkvtJYoW,SP
2Mtwsk2tzex964V,SP
2N9xbYJQokf38dd,SP
2OZepXA6Z89SDD5,SP
2Q6nbUK8VpRBRiD,SP
2QhzaaPhVjvRDmY,SP
2R6cSNk15JElCsV,SP
2UYDX4KfYoLWr5a,SP
2X6xeDTth3O9gqt,SP
2Yx1N4zqegYYGbe,SP
2arcwqUytyAdUIN,SP
2cCLBiR71QfnJen,SP
2dp3s9I8CpH43u8,SP
2fIZDYTwz64woiH,SP
2h3XbLmz7mgpE10,SP
2iOqDf08c84AHv2,SP
2koDNNfK6aZWtkQ,SP
2l0lkH89gaOLgz5,SP
2m4HZY96L4Q6LXX,SP
2mxQ1avGJVuGcdB,SP
2nMoJbyOO7pd8uN,SP
2oOJo5l2mWzuBep,SP
2rIxgQKT3QHG2Op,SP
2tlkiS08iBz1p29,SP
82KPTCuctRtOGql,SP
83ePhv0BOt4gNf4,SP
83yCRYd4W8eiBeS,SP
87kWxCdByw96tdN,SP
89X19bOwxdw2KSR,SP
89gcXumegmV5qAO,SP
8AqKXajuaxPDtEl,SP
8EdcxZw337gWABd,SP
8JK4DxIiV0U3cML,SP
8Lczfhx5bWbVGVP,SP
8MX6X2xhQZEve3T,SP
8Ogq81tMgULRjkB,SP
8Qu3xwI83iKChZi,SP
8UWA3QlfH1DL2Zs,SP
8aOynSo4huY73Vo,SP
8eHwNjoD9QKyI3n,SP
8eyreZ2fyeNvgUE,SP
8hrW3muAfIQEKm0,SP
8jGAxib0ohzswIV,SP
8jVUUyBhqzsQuoY,SP
8jZZXn7wiPPMgZj,SP
8k2faSWFI44S06n,SP
8kpoPCfiecHsKjO,SP
8n65TQb4rz9zsds,SP
8nOy4JsI2KtyhVK,SP
8oU0WNQF7J3TRUl,SP
8ocBToRWbm5KU0p,SP
8qg3mvOQyzFkQzY,SP
8swb2HENW6B2pfb,SP
8wpzkFSECW4rLpv,SP
8zJiPjLikQyQbwu,SP
40PzrbtWUfQs5UR,JP
41iN3hxtO82UfFO,JP
44pCIyfWEXSac90,JP
4CablajZzeO5vfG,JP
4D2eyyWLQ2cKydz,JP
4DTEkueakDbnka0,JP
4DnI1W25wm6qFWL,JP
4E4odgUrNAjS9kc,JP
4FlJRVtbvZUNg88,JP
4H5BF4c7n2NmsUd,JP
4HAnD1EZxx3oHrv,JP
4JKKEQsrs6nJ0Tu,JP
4Kg3BMxO2KgryGj,JP
4LJAkdxLeHNV6eJ,JP
4LY8x8W2bZ6U5M6,JP
4MwbUSHQKsNy2v7,JP
4N81oLpQtpokKP4,JP
4NE85VrofbCx3Et,JP
4OI9FDx5Jn9lthf,JP
4OqQUGqVZt2DjFe,JP
4P5oINiupyOs6NL,JP
4PZBQ0xJcSTlQXC,JP
4QF0vuhfyPgxR45,JP
4R3d7dGuM7v716S,JP
4R9BSwZaN942mIO,JP
4S7Rh0lGTrqxchr,JP
4SqXcCFERT6l2L4,JP
4SuBSDehmhKAFOd,JP
4TKMapO5IieQVGU,JP
4Xf4Z0zUhZKj3rj,JP
4bIXY529VIMZ6MI,JP
4dFisO7nf9vXvSh,JP
4dKugAffL3gBTVV,JP
4dLz2N6faKsVcxb,JP
4dsvZ17K33N46cO,JP
4fTxnzMqQ6nBJ3Z,JP
4hjICcuPhy1zYBP,JP
4iXevgPgoP7GUVN,JP
4idXQw81SozEVA5,JP
4jClrl1El4VQM4y,JP
4k4ByiIdBHCxywa,JP
4k5FxcRZYKJXLEk,JP
4kAIkE0SmOagkmr,JP
4lyECcnS3GpvgrI,JP
4myNSQDBJPUaDvX,JP
4nMwAYrTimKhnuN,JP
4noRWqxD6HXdeBh,JP
4otEMXEoWPMLJdF,JP
4pkUIGAPo2m47lT,JP
4qfzzZSVW1vOY9P,JP
4r2KjyCoAlOqC6V,JP
4seYN6UnXf0iXbH,JP
4thVmC5IkAWHrte,JP
4w7vftKm2Gs6FAA,JP
4xM1iJCuGROAW3f,JP
4xehAmuRSyMvWg1,JP
4zGSwGQsDHOcNVL,JP
902hmGI60hGBYKX,JP
90RFqmbo706iSlj,JP
90oBRj7xK0wS2UT,JP
91Gm9wwe3nVhNri,JP
92aXdjJNr68AZbj,JP
939YV06anOpzrp3,JP
95Mx0Jh5BIHmzD6,JP
95byvB6MsIx37VL,JP
99gBZ0mPo0FynNa,JP
99ggAxVR4NAVwWT,JP
99jezSVQ3zv2Iug,JP
9FE2o73VVspXkFa,JP
9IZQ31W9ZHhenG9,JP
9JgRvnCryY8rblD,JP
9LIhGmIm9EKEAnt,JP
9N4xGG0aobRLb0A,JP
9O7VBzhMdy9mEEg,JP
9OgCtBNOUuMcuWJ,JP
9OqpvdUXycwxecY,JP
9PSqdxfg07ttzq9,JP
9PXCCqSRHv9eDg2,JP
9QF2eqsZETxWQI9,JP
9QLv0mHlITzBEcZ,JP
9QoJLKW5E3XCtfX,JP
9RWwGTeLESWicXv,JP
9TcPj5457i95pEl,JP
9TftMdcLAxcXSmt,JP
9UYKByg8iysAoQ1,JP
9VPkftAo6hGn6z7,JP
9c24LC5FMf1aL4f,JP
9etIE75LhwznEu3,JP
9foEExgX0Wtm6l3,JP
9hDRczdpHuWsSLF,JP
9jV3KxQQmOLU7fH,JP
9jcQ1PCXjwnMwA5,JP
9k6ezQIMFtPsUhJ,JP
9mLBQmhFBGbOoot,JP
9mknIT6WDflFHu9,JP
9o7LhFKMVBKOdQk,JP
9o9xdT7BrLnX9Pr,JP
9pttC7IdN8ORLnb,JP
9r9CCgGHWi8XgFK,JP
9rVBXW4uXw9jKI3,JP
9s4rRxu7l98Mw3Y,JP
9uV6Sz0oM5wnuXA,JP
9ugbNSShzFRky0V,JP
9wI5aoEy6mS6Yff,JP
9z6c4K2UmKdlw0d,JP
11mqXN2aCy7o7Tw,all
13xt95Ep90kGwkY,all
14HnHc3UHGYROBv,all
16BHIblXPySgHx7,all
16w1KBaYeWoq8XT,all
17y8ZT3kkxHIXsX,all
1EfQaoNQBrKyb39,all
1FQb6PSo35pS4aT,all
1INbsf7sCzx5cCB,all
1JRzkBK2xtWpQeg,all
1Lhd2311lMs4JC4,all
1M0Bre2Z9xaf7ah,all
1Oj4g3Y7nqWyZeG,all
1PXhLO5SlgOw251,all
1Ph9mSGpQy2pVtf,all
1QlSS2aS6DxjFF1,all
1TWvt1S6NRgf7SV,all
1anSjU4g8ZbpK1e,all
1azVhuyssAlvfVA,all
1b3kNsYYr7co2zs,all
1cUhFsQAZzFdsxr,all
1e58HKtn0pfjY1f,all
1ePQoX9sOP7Dqz6,all
1lEFTZrnswnQYq5,all
1nd4ZIEzSwSazQN,all
1ndu3Pbj4y1rUuU,all
1pkYUQoJv5nV65G,all
1qKcdlPxbjemmC3,all
1qVe0Rz5jqvrl61,all
1qVyfMNaFS4o6wW,all
1qWWeb6VRNOZva4,all
1rA6HZGmQFpCvYx,all
1ybkjA7dqXrPF97,all
20k02qftg4ZY8zl,all
216sX1uJmAaWBQH,all
21jHvJP7uoVOoZP,all
22hZJoIHvWUcSeh,all
22yFMfVfFlHByjU,all
24vlibQqv3UWv6z,all
29R4NJc2OaUmgSJ,all
2BtoEnYTwfGJTfX,all
2CBLI5QyADjut3p,all
2CNZs7sdOWeOLsI,all
2CQAmWvA2ZMbW29,all
2F3WTb87W9rS5KQ,all
2F5v4XDBpZL5bVV,all
2H079eUSSdF1o24,all
2LZ876CRkvtJYoW,all
2Mtwsk2tzex964V,all
2N9xbYJQokf38dd,all
2OZepXA6Z89SDD5,all
2Q6nbUK8VpRBRiD,all
2QhzaaPhVjvRDmY,all
2R6cSNk15JElCsV,all
2UYDX4KfYoLWr5a,all
2X6xeDTth3O9gqt,all
2Yx1N4zqegYYGbe,all
2arcwqUytyAdUIN,all
2cCLBiR71QfnJen,all
2dp3s9I8CpH43u8,all
2fIZDYTwz64woiH,all
2h3XbLmz7mgpE10,all
2iOqDf08c84AHv2,all
2koDNNfK6aZWtkQ,all
2l0lkH89gaOLgz5,all
2m4HZY96L4Q6LXX,all
2mxQ1avGJVuGcdB,all
2nMoJbyOO7pd8uN,all
2oOJo5l2mWzuBep,all
2rIxgQKT3QHG2Op,all
2tlkiS08iBz1p29,all
30BnHG9mqnIE97R,all
30GkNbUWd9oqKyJ,all
31yNsFvzMTDkWmR,all
33T2NCT9fJlggk9,all
33vGgMQ7zouHoAl,all
3402ywYEYEYoBNs,all
34dC6FanGFZBgsf,all
38Vrey1Hv4arXl7,all
38lvvBTiSprw0Lv,all
3BeTuREEzPLM3uZ,all
3CHOcyDJKHY1twD,all
3En1HlJYOsBFjXu,all
3FJy5adPUt59Bqp,all
3I6luk6t2bm1SNH,all
3M0wbKJm40OY8YX,all
3OY0BAIeL92j8KB,all
3SHFepISJjpnOFz,all
3aIG7LuKjQo5szJ,all
3fSERpsJCCsRX5n,all
3fvso87IdIzVSju,all
3iqUE1l5oPxhhMY,all
3jHEqmJIVhDapPB,all
3pKy9bwZmEGrrHy,all
3qqqEGw528KYmjw,all
3rXl79Wp7513pU5,all
3v654YWoIo1VyNa,all
3yNGoVWcIo79Xz3,all
40PzrbtWUfQs5UR,all
40iYpeEuhsC4xU2,all
41bVQ8mMHM22UM4,all
41iN3hxtO82UfFO,all
41yP2kAB9xAZSoE,all
42DerT5ueDhAwuZ,all
42JESroRquircC5,all
42JfCcds7VOwgT2,all
42RDmkXBdYmm2s8,all
44pCIyfWEXSac90,all
4CUXcWWYu7wjuHg,all
4CablajZzeO5vfG,all
4CmvrIUdTqg1JWB,all
4D2eyyWLQ2cKydz,all
4DHKyBts3k5bdh7,all
4DI5ur5ZQghUYiQ,all
4DTEkueakDbnka0,all
4DnI1W25wm6qFWL,all
4DuN2P2KQ5zszpj,all
4E4odgUrNAjS9kc,all
4EHgra9XODy0Jww,all
4EdgNuAGzi1N1GR,all
4ErLTqHwnQC9UvL,all
4EsqRh9xyfJmX6f,all
4EzcYKlbRo9S8kM,all
4FfPmmWTKlTWBwZ,all
4FlJRVtbvZUNg88,all
4Gxg18vS7CxvF7w,all
4H0PgKOpDGxFr53,all
4H5BF4c7n2NmsUd,all
4HAnD1EZxx3oHrv,all
4HdmPmBudoiwBDH,all
4Irs6E9dZOeaUzD,all
4JKKEQsrs6nJ0Tu,all
4Kg3BMxO2KgryGj,all
4LJAkdxLeHNV6eJ,all
4LY8x8W2bZ6U5M6,all
4LqXGTmZVgDvnoJ,all
4M9Hku3BfT15tn6,all
4MwbUSHQKsNy2v7,all
4N81oLpQtpokKP4,all
4NE85VrofbCx3Et,all
4NttRyzD0U1HqKW,all
4OHasJCxi1QOc64,all
4OI9FDx5Jn9lthf,all
4OqQUGqVZt2DjFe,all
4P5oINiupyOs6NL,all
4PZBQ0xJcSTlQXC,all
4PjbrVAOwPxvtYg,all
4QF0vuhfyPgxR45,all
4QoKolQiUutOI2R,all
4R3d7dGuM7v716S,all
4R9BSwZaN942mIO,all
4S7Rh0lGTrqxchr,all
4SDHLMFe6QZAV2v,all
4SqXcCFERT6l2L4,all
4SuBSDehmhKAFOd,all
4TKMapO5IieQVGU,all
4TmEshQjKpZ5vDr,all
4UskplztcTdBXyx,all
4WIOrYtg7W3VaFk,all
4Xf4Z0zUhZKj3rj,all
4YKvqzP4c53DrgZ,all
4bIXY529VIMZ6MI,all
4dFisO7nf9vXvSh,all
4dKugAffL3gBTVV,all
4dLz2N6faKsVcxb,all
4dsvZ17K33N46cO,all
4dtuuFmH8zinFiQ,all
4fTxnzMqQ6nBJ3Z,all
4fjUWFhSXeHNGZG,all
4hALOPPmRi6seBq,all
4hjICcuPhy1zYBP,all
4iXevgPgoP7GUVN,all
4idXQw81SozEVA5,all
4jClrl1El4VQM4y,all
4k4ByiIdBHCxywa,all
4k5FxcRZYKJXLEk,all
4kAIkE0SmOagkmr,all
4lyECcnS3GpvgrI,all
4m8iGtlvAGOLFOg,all
4myNSQDBJPUaDvX,all
4nMwAYrTimKhnuN,all
4noRWqxD6HXdeBh,all
4otEMXEoWPMLJdF,all
4pkUIGAPo2m47lT,all
4qUf6ZajQEPim4x,all
4qfzzZSVW1vOY9P,all
4r2KjyCoAlOqC6V,all
4seYN6UnXf0iXbH,all
4thVmC5IkAWHrte,all
4w7vftKm2Gs6FAA,all
4xM1iJCuGROAW3f,all
4xehAmuRSyMvWg1,all
4ysCrZOZjBik6Gq,all
4zGSwGQsDHOcNVL,all
50A3aAcXhtLyh5n,all
514xyKgNTCoNz0i,all
53yMGIRPWQCMxvH,all
55EZTrfNoSgOhz7,all
57lOMY8xh3IYKvB,all
59795nmpkL2NzAl,all
5AnaMSV5wP79bFL,all
5CJu9w0rXoEJlNK,all
5CQrAV23rhIz4Rm,all
5CjDiWlKCQSZFRc,all
5ELrePsQ21tUrpA,all
5FIMAxpbUcoVvmz,all
5GBykQnFDFVmVL2,all
5HIkmBDRFkoyJoc,all
5It7rHftFcRF0oA,all
5LBsEIWAwJ9L7uK,all
5Lbv7bbQrPMTMI6,all
5MAeZMSGYYOdOmZ,all
5MsY0e3FiljL6B5,all
5Ny1nLQgEa32NJ7,all
5PHm84o2DM6TqM1,all
5PRVqYTcUJy8Wml,all
5Q3piBVj0iqlJYy,all
5QKEe2p6Rvc82iW,all
5QSfXZDbt3j9gHw,all
5QXwcr3GFF5bWUj,all
5QhJ7ihwCJ7mH6W,all
5RPoGYeKWAyzaye,all
5RZWt7Xkeg6tNV8,all
5Rey6KsbW1yU2qA,all
5UZpMlVLVNvrDOx,all
5WMxgNla1rLThwQ,all
5Ww0bgyDx9QKNCF,all
5XafotKKaKUvm77,all
5XeBayYN5Ll1hBL,all
5YS6pZ8bZ2intWF,all
5asJ7VznIte5I5j,all
5dFE7M3oUMZ2tpv,all
5dSEva9K8t098E9,all
5dSV830qYdIm6UE,all
5dtLQp1PoYiOV2a,all
5elCSrsPLAcpbso,all
5fiJgHFCU8N9bHP,all
5gGwYQiLVKzK7Ml,all
5gILKYjpGEtZQIy,all
5hzSoXxtIFqmsr2,all
5la6WTJt5sAt7uL,all
5meiprICgkSzrsP,all
5n50kucDQXYa63L,all
5nPXrnWxwmPvQEp,all
5oFwJlZDxDoDHsU,all
5oGDwItULCS8UbT,all
5pW0jaDzUcXeO8P,all
5plgmqEVemzN8yc,all
5qBUwMPneOxaUHv,all
5sfW75hN8rdbTcR,all
5ta6uXWKYmvEQ6V,all
5xApfphIow91uY9,all
6164p4UN3nn2jfL,all
61i2tmHbUqbad70,all
64vlAC3Yb2tlNxw,all
66f9eCYijaxjMk1,all
6ClZyKEzENYBPEi,all
6DmfANHBI4oTsyt,all
6H2GUwIneaR4ePJ,all
6IqWFc7iiN8VzsB,all
6J9sisP8TVRQ5s7,all
6JQ2t2RKL8lM7WR,all
6Q3XRzduNKlZ371,all
6UYDPrmbfrjqp5A,all
6V3kRwvQtHCksiL,all
6Wjbud0mQtiPdqF,all
6XTkW7ergKTbmi5,all
6bdVIlDkQ3hkCwF,all
6byu4HdrG2ZVXk5,all
6jcs4HTrMkNDSg1,all
6pBT7ZTUgyyEyqt,all
6x1fFiYg7HgXlMl,all
6xVxhLKv7NvpV9T,all
70TmMdqRWwNcWx0,all
71Fxq1kpt4IBX4c,all
71Z5o6bvLA6lMzL,all
71zLAtEzKeEiySK,all
72Kev18VrilhCdb,all
72rjgieKsCk6nyi,all
7Hbk4EAHSdBWNJt,all
7Hte3bDDrITF0i8,all
7I7PJNr1JiEzLAR,all
7IyJxMpilfoAz08,all
7JIMClrc7dH2XVn,all
7M6aY5VzDymfJKF,all
7RjFKJ8dW0GpFcO,all
7UBlYP5uvGmwa6l,all
7WWT7kdM5aVytUd,all
7Y65D2JTRn1QHS2,all
7YWjiGley3nSKGc,all
7bdulq7eWD6vhCh,all
7dWPFqrwnaWNTO1,all
7gSLcem3k3gziW5,all
7gm6Mx5Dm18bEwF,all
7hlukz1sCm4t10n,all
7iRyh2zIHBBqQb1,all
7isPWVEjFkYByxM,all
7jfDuuW1Xi3u3mV,all
7ktce6kX7OLCSVo,all
7l279i21j8WF3c5,all
7mOuwqMtJZR6LoK,all
7njG5lxUGM9n8Xv,all
7pWZpC1Oijxtu7v,all
7qkNmzFr8mLeWdU,all
7s1anfVBGGuMKlc,all
7t8Ve1gfiaegsqS,all
7ttJp3YzeDIycQM,all
7xQXRsEvQentefO,all
7zhHPvdle9t6vrW,all
82KPTCuctRtOGql,all
83ePhv0BOt4gNf4,all
83yCRYd4W8eiBeS,all
87kWxCdByw96tdN,all
89X19bOwxdw2KSR,all
89gcXumegmV5qAO,all
8AqKXajuaxPDtEl,all
8EdcxZw337gWABd,all
8JK4DxIiV0U3cML,all
8Lczfhx5bWbVGVP,all
8MX6X2xhQZEve3T,all
8Ogq81tMgULRjkB,all
8Qu3xwI83iKChZi,all
8UWA3QlfH1DL2Zs,all
8aOynSo4huY73Vo,all
8eHwNjoD9QKyI3n,all
8eyreZ2fyeNvgUE,all
8hrW3muAfIQEKm0,all
8jGAxib0ohzswIV,all
8jVUUyBhqzsQuoY,all
8jZZXn7wiPPMgZj,all
8k2faSWFI44S06n,all
8kpoPCfiecHsKjO,all
8n65TQb4rz9zsds,all
8nOy4JsI2KtyhVK,all
8oU0WNQF7J3TRUl,all
8ocBToRWbm5KU0p,all
8qg3mvOQyzFkQzY,all
8swb2HENW6B2pfb,all
8wpzkFSECW4rLpv,all
8zJiPjLikQyQbwu,all
902hmGI60hGBYKX,all
90RFqmbo706iSlj,all
90dzVZchg1KGz0l,all
90oBRj7xK0wS2UT,all
91Gm9wwe3nVhNri,all
92aXdjJNr68AZbj,all
92ck6OkXxMjuT2y,all
939YV06anOpzrp3,all
939mKwC0J6budad,all
94FTbXUydG1RsnD,all
94Xo7d3GbDF3Wud,all
95Mx0Jh5BIHmzD6,all
95byvB6MsIx37VL,all
999mBjs3Sf3VJm1,all
99gBZ0mPo0FynNa,all
99ggAxVR4NAVwWT,all
99jezSVQ3zv2Iug,all
9CV4JHG71JuHH0Z,all
9CdTNZDCv6WHGbu,all
9D8ulbh3ZZHcomR,all
9DiNKZCG9Fe9cAf,all
9EaFp2979Pt7AFr,all
9FE2o73VVspXkFa,all
9FYr6HPeLnd5F1D,all
9Hm8rFR55fpMm1b,all
9HzaeyfkxbGMLOG,all
9IZQ31W9ZHhenG9,all
9J4umtq5lOset5o,all
9JLbu8Vlgf3M94u,all
9JgRvnCryY8rblD,all
9LCis7SGtzsfHXK,all
9LIhGmIm9EKEAnt,all
9N4xGG0aobRLb0A,all
9O7VBzhMdy9mEEg,all
9OgCtBNOUuMcuWJ,all
9OqpvdUXycwxecY,all
9PSqdxfg07ttzq9,all
9PXCCqSRHv9eDg2,all
9QF2eqsZETxWQI9,all
9QLv0mHlITzBEcZ,all
9QoJLKW5E3XCtfX,all
9RWwGTeLESWicXv,all
9TcPj5457i95pEl,all
9TftMdcLAxcXSmt,all
9TuyJ4dPKD6tbQR,all
9TywoqAya7YsPCh,all
9UNS4PALeIa0nS1,all
9UYKByg8iysAoQ1,all
9VPkftAo6hGn6z7,all
9WDzA3EJfrAdXh2,all
9XnEwF7YhKNFTGd,all
9ZEzBtfm1nUbzwt,all
9ZP5hQVtvLgf4mW,all
9bIWl1GiX69cnCF,all
9c24LC5FMf1aL4f,all
9dKX3BFkyA0SHYQ,all
9dtrDtXT24uvAMf,all
9ellXB8H4w14cAV,all
9etIE75LhwznEu3,all
9f6XguhUHN68nvy,all
9fCPTMtRH3gFJhZ,all
9foEExgX0Wtm6l3,all
9hDRczdpHuWsSLF,all
9iJ3pVO31Pon30g,all
9iy500aJbFyGaD7,all
9jV3KxQQmOLU7fH,all
9jcQ1PCXjwnMwA5,all
9k1sJCnHo6RQfRf,all
9k6ezQIMFtPsUhJ,all
9kLFeKJQSkxOOQG,all
9mLBQmhFBGbOoot,all
9mknIT6WDflFHu9,all
9nZ9c2gVhscMrYi,all
9nxuuq6bNNYm9ob,all
9o7LhFKMVBKOdQk,all
9o9xdT7BrLnX9Pr,all
9ovQFdQ2KxtmSzf,all
9pttC7IdN8ORLnb,all
9pv9wYhu7R3xrEJ,all
9r8OF6E2zsM1AlI,all
9r9CCgGHWi8XgFK,all
9rVBXW4uXw9jKI3,all
9rkYApJxIhzMU6J,all
9s4rRxu7l98Mw3Y,all
9sZN9rrfRNAGEG5,all
9ttHRTaBaaM6xWo,all
9uV6Sz0oM5wnuXA,all
9ugbNSShzFRky0V,all
9uuofU57OoNMBXz,all
9vmOMZQRkmOntoB,all
9wI5aoEy6mS6Yff,all
9wnK4ijoMT1sOPv,all
9y6ZrTrFnlPGtdy,all
9yflSxOmCKJBGyB,all
9z6c4K2UmKdlw0d,all
